Angle,Intensity
10.00835563,10
10.025066899,14
10.041778168,14
10.058489437,6
10.075200706,2
10.091911975,10
10.108623244,8
10.125334513,12
10.142045782,2
10.158757051,5
10.17546832,6
10.192179589,5
10.208890858,6
10.225602127,8
10.242313396,6
10.259024665,4
10.275735934,4
10.292447203,5
10.309158472,5
10.325869741,2
10.34258101,6
10.359292279,8
10.376003548,10
10.392714817,5
10.409426085,8
10.426137354,9
10.442848623,8
10.459559892,9
10.476271161,4
10.49298243,5
10.509693699,5
10.526404968,2
10.543116237,5
10.559827506,4
10.576538775,5
10.593250044,13
10.609961313,5
10.626672582,12
10.643383851,9
10.66009512,10
10.676806389,6
10.693517658,6
10.710228927,10
10.726940196,5
10.743651465,8
10.760362734,9
10.777074003,6
10.793785272,8
10.810496541,8
10.82720781,5
10.843919079,6
10.860630348,6
10.877341617,12
10.894052886,5
10.910764155,5
10.927475424,6
10.944186693,5
10.960897962,9
10.977609231,9
10.9943205,9
11.011031769,12
11.027743038,5
11.044454307,6
11.061165576,8
11.077876845,4
11.094588114,4
11.111299383,4
11.128010652,2
11.144721921,9
11.16143319,6
11.178144459,6
11.194855727,8
11.211566996,9
11.228278265,6
11.244989534,0
11.261700803,2
11.278412072,12
11.295123341,2
11.31183461,4
11.328545879,8
11.345257148,6
11.361968417,4
11.378679686,6
11.395390955,6
11.412102224,5
11.428813493,4
11.445524762,9
11.462236031,9
11.4789473,1
11.495658569,6
11.512369838,2
11.529081107,4
11.545792376,6
11.562503645,5
11.579214914,5
11.595926183,13
11.612637452,6
11.629348721,2
11.64605999,10
11.662771259,6
11.679482528,1
11.696193797,8
11.712905066,8
11.729616335,2
11.746327604,2
11.763038873,1
11.779750142,8
11.796461411,8
11.81317268,6
11.829883949,5
11.846595218,4
11.863306487,5
11.880017756,5
11.896729025,13
11.913440294,0
11.930151563,4
11.946862832,4
11.963574101,4
11.980285369,5
11.996996638,10
12.013707907,8
12.030419176,5
12.047130445,2
12.063841714,5
12.080552983,2
12.097264252,9
12.113975521,5
12.13068679,4
12.147398059,5
12.164109328,4
12.180820597,9
12.197531866,6
12.214243135,5
12.230954404,9
12.247665673,10
12.264376942,9
12.281088211,13
12.29779948,6
12.314510749,8
12.331222018,1
12.347933287,0
12.364644556,1
12.381355825,6
12.398067094,1
12.414778363,5
12.431489632,9
12.448200901,4
12.46491217,9
12.481623439,2
12.498334708,6
12.515045977,4
12.531757246,2
12.548468515,6
12.565179784,5
12.581891053,2
12.598602322,9
12.615313591,1
12.63202486,1
12.648736129,5
12.665447398,6
12.682158667,4
12.698869936,8
12.715581205,5
12.732292474,6
12.749003743,4
12.765715011,5
12.78242628,6
12.799137549,4
12.815848818,2
12.832560087,5
12.849271356,6
12.865982625,5
12.882693894,5
12.899405163,4
12.916116432,6
12.932827701,2
12.94953897,5
12.966250239,4
12.982961508,5
12.999672777,4
13.016384046,2
13.033095315,6
13.049806584,0
13.066517853,6
13.083229122,8
13.099940391,5
13.11665166,2
13.133362929,4
13.150074198,2
13.166785467,8
13.183496736,2
13.200208005,4
13.216919274,0
13.233630543,9
13.250341812,6
13.267053081,5
13.28376435,1
13.300475619,5
13.317186888,5
13.333898157,2
13.350609426,6
13.367320695,2
13.384031964,4
13.400743233,8
13.417454502,2
13.434165771,2
13.45087704,5
13.467588309,2
13.484299578,8
13.501010847,2
13.517722116,8
13.534433385,1
13.551144653,2
13.567855922,2
13.584567191,6
13.60127846,6
13.617989729,5
13.634700998,1
13.651412267,1
13.668123536,2
13.684834805,4
13.701546074,2
13.718257343,4
13.734968612,0
13.751679881,1
13.76839115,6
13.785102419,4
13.801813688,0
13.818524957,1
13.835236226,2
13.851947495,2
13.868658764,2
13.885370033,1
13.902081302,4
13.918792571,2
13.93550384,6
13.952215109,8
13.968926378,5
13.985637647,4
14.002348916,5
14.019060185,4
14.035771454,6
14.052482723,2
14.069193992,1
14.085905261,8
14.10261653,6
14.119327799,4
14.136039068,2
14.152750337,8
14.169461606,4
14.186172875,2
14.202884144,6
14.219595413,5
14.236306682,12
14.253017951,2
14.26972922,12
14.286440489,2
14.303151758,4
14.319863027,2
14.336574296,10
14.353285564,5
14.369996833,2
14.386708102,6
14.403419371,2
14.42013064,4
14.436841909,6
14.453553178,4
14.470264447,6
14.486975716,6
14.503686985,1
14.520398254,6
14.537109523,1
14.553820792,5
14.570532061,6
14.58724333,4
14.603954599,4
14.620665868,4
14.637377137,9
14.654088406,9
14.670799675,4
14.687510944,4
14.704222213,2
14.720933482,2
14.737644751,2
14.75435602,4
14.771067289,6
14.787778558,2
14.804489827,1
14.821201096,5
14.837912365,4
14.854623634,6
14.871334903,5
14.888046172,4
14.904757441,9
14.92146871,5
14.938179979,1
14.954891248,6
14.971602517,4
14.988313786,4
15.005025055,1
15.021736324,2
15.038447593,8
15.055158862,1
15.071870131,4
15.0885814,2
15.105292669,9
15.122003938,9
15.138715206,4
15.155426475,4
15.172137744,1
15.188849013,1
15.205560282,1
15.222271551,2
15.23898282,2
15.255694089,4
15.272405358,4
15.289116627,6
15.305827896,5
15.322539165,2
15.339250434,4
15.355961703,4
15.372672972,2
15.389384241,5
15.40609551,1
15.422806779,2
15.439518048,8
15.456229317,8
15.472940586,0
15.489651855,5
15.506363124,4
15.523074393,4
15.539785662,8
15.556496931,4
15.5732082,2
15.589919469,2
15.606630738,2
15.623342007,5
15.640053276,4
15.656764545,1
15.673475814,5
15.690187083,4
15.706898352,5
15.723609621,4
15.74032089,1
15.757032159,1
15.773743428,2
15.790454697,4
15.807165966,2
15.823877235,6
15.840588504,1
15.857299773,5
15.874011042,8
15.890722311,4
15.90743358,1
15.924144848,5
15.940856117,4
15.957567386,4
15.974278655,5
15.990989924,2
16.007701193,4
16.024412462,4
16.041123731,4
16.057835,0
16.074546269,1
16.091257538,4
16.107968807,4
16.124680076,2
16.141391345,14
16.158102614,9
16.174813883,2
16.191525152,1
16.208236421,6
16.22494769,10
16.241658959,1
16.258370228,5
16.275081497,2
16.291792766,1
16.308504035,4
16.325215304,2
16.341926573,5
16.358637842,8
16.375349111,1
16.39206038,1
16.408771649,2
16.425482918,1
16.442194187,2
16.458905456,2
16.475616725,4
16.492327994,1
16.509039263,6
16.525750532,1
16.542461801,2
16.55917307,4
16.575884339,2
16.592595608,4
16.609306877,6
16.626018146,1
16.642729415,2
16.659440684,2
16.676151953,9
16.692863222,4
16.70957449,5
16.726285759,1
16.742997028,5
16.759708297,6
16.776419566,4
16.793130835,2
16.809842104,1
16.826553373,1
16.843264642,4
16.859975911,4
16.87668718,2
16.893398449,5
16.910109718,1
16.926820987,2
16.943532256,2
16.960243525,2
16.976954794,0
16.993666063,9
17.010377332,2
17.027088601,2
17.04379987,8
17.060511139,2
17.077222408,2
17.093933677,5
17.110644946,2
17.127356215,1
17.144067484,2
17.160778753,5
17.177490022,2
17.194201291,4
17.21091256,5
17.227623829,0
17.244335098,1
17.261046367,5
17.277757636,5
17.294468905,1
17.311180174,5
17.327891443,2
17.344602712,6
17.361313981,1
17.37802525,1
17.394736519,2
17.411447788,2
17.428159057,1
17.444870326,4
17.461581595,2
17.478292864,4
17.495004132,1
17.511715401,9
17.52842667,4
17.545137939,2
17.561849208,1
17.578560477,2
17.595271746,5
17.611983015,2
17.628694284,5
17.645405553,9
17.662116822,5
17.678828091,0
17.69553936,1
17.712250629,12
17.728961898,2
17.745673167,6
17.762384436,4
17.779095705,5
17.795806974,2
17.812518243,8
17.829229512,1
17.845940781,4
17.86265205,5
17.879363319,1
17.896074588,1
17.912785857,0
17.929497126,5
17.946208395,2
17.962919664,2
17.979630933,2
17.996342202,4
18.013053471,2
18.02976474,4
18.046476009,1
18.063187278,4
18.079898547,5
18.096609816,5
18.113321085,2
18.130032354,5
18.146743623,0
18.163454892,4
18.180166161,2
18.19687743,2
18.213588699,1
18.230299968,0
18.247011237,0
18.263722506,5
18.280433774,2
18.297145043,4
18.313856312,4
18.330567581,1
18.34727885,4
18.363990119,1
18.380701388,6
18.397412657,2
18.414123926,2
18.430835195,4
18.447546464,1
18.464257733,4
18.480969002,4
18.497680271,4
18.51439154,2
18.531102809,1
18.547814078,1
18.564525347,2
18.581236616,0
18.597947885,8
18.614659154,6
18.631370423,0
18.648081692,2
18.664792961,5
18.68150423,4
18.698215499,1
18.714926768,1
18.731638037,2
18.748349306,2
18.765060575,6
18.781771844,6
18.798483113,0
18.815194382,2
18.831905651,5
18.84861692,0
18.865328189,1
18.882039458,5
18.898750727,1
18.915461996,5
18.932173265,0
18.948884534,1
18.965595803,6
18.982307072,4
18.999018341,1
19.01572961,5
19.032440879,0
19.049152148,2
19.065863416,2
19.082574685,1
19.099285954,2
19.115997223,9
19.132708492,2
19.149419761,1
19.16613103,2
19.182842299,4
19.199553568,1
19.216264837,2
19.232976106,2
19.249687375,2
19.266398644,2
19.283109913,1
19.299821182,6
19.316532451,5
19.33324372,1
19.349954989,2
19.366666258,6
19.383377527,2
19.400088796,1
19.416800065,1
19.433511334,5
19.450222603,6
19.466933872,2
19.483645141,2
19.50035641,2
19.517067679,1
19.533778948,6
19.550490217,1
19.567201486,1
19.583912755,5
19.600624024,4
19.617335293,1
19.634046562,2
19.650757831,1
19.6674691,10
19.684180369,4
19.700891638,4
19.717602907,2
19.734314176,5
19.751025445,5
19.767736714,0
19.784447983,1
19.801159252,2
19.817870521,4
19.83458179,4
19.851293058,2
19.868004327,4
19.884715596,1
19.901426865,1
19.918138134,2
19.934849403,2
19.951560672,4
19.968271941,1
19.98498321,2
20.001694479,1
20.018405748,2
20.035117017,5
20.051828286,4
20.068539555,2
20.085250824,4
20.101962093,1
20.118673362,2
20.135384631,1
20.1520959,1
20.168807169,2
20.185518438,2
20.202229707,0
20.218940976,2
20.235652245,5
20.252363514,4
20.269074783,2
20.285786052,5
20.302497321,2
20.31920859,2
20.335919859,2
20.352631128,5
20.369342397,4
20.386053666,1
20.402764935,1
20.419476204,2
20.436187473,0
20.452898742,0
20.469610011,2
20.48632128,2
20.503032549,5
20.519743818,1
20.536455087,1
20.553166356,6
20.569877625,1
20.586588894,1
20.603300163,5
20.620011432,0
20.6367227,2
20.653433969,2
20.670145238,2
20.686856507,5
20.703567776,5
20.720279045,4
20.736990314,2
20.753701583,4
20.770412852,5
20.787124121,2
20.80383539,4
20.820546659,1
20.837257928,0
20.853969197,2
20.870680466,2
20.887391735,1
20.904103004,2
20.920814273,5
20.937525542,1
20.954236811,1
20.97094808,4
20.987659349,5
21.004370618,2
21.021081887,6
21.037793156,6
21.054504425,2
21.071215694,2
21.087926963,6
21.104638232,6
21.121349501,1
21.13806077,2
21.154772039,2
21.171483308,1
21.188194577,4
21.204905846,1
21.221617115,6
21.238328384,5
21.255039653,10
21.271750922,6
21.288462191,12
21.30517346,6
21.321884729,8
21.338595998,10
21.355307267,10
21.372018536,13
21.388729805,17
21.405441074,21
21.422152343,26
21.438863611,20
21.45557488,24
21.472286149,13
21.488997418,18
21.505708687,21
21.522419956,17
21.539131225,18
21.555842494,16
21.572553763,21
21.589265032,21
21.605976301,12
21.62268757,13
21.639398839,14
21.656110108,6
21.672821377,17
21.689532646,12
21.706243915,14
21.722955184,8
21.739666453,8
21.756377722,10
21.773088991,6
21.78980026,9
21.806511529,13
21.823222798,17
21.839934067,12
21.856645336,8
21.873356605,18
21.890067874,9
21.906779143,12
21.923490412,9
21.940201681,10
21.95691295,16
21.973624219,13
21.990335488,10
22.007046757,8
22.023758026,24
22.040469295,18
22.057180564,34
22.073891833,17
22.090603102,29
22.107314371,22
22.12402564,20
22.140736909,28
22.157448178,18
22.174159447,32
22.190870716,32
22.207581985,8
22.224293253,20
22.241004522,9
22.257715791,10
22.27442706,8
22.291138329,17
22.307849598,9
22.324560867,6
22.341272136,4
22.357983405,2
22.374694674,4
22.391405943,6
22.408117212,9
22.424828481,6
22.44153975,4
22.458251019,4
22.474962288,0
22.491673557,4
22.508384826,5
22.525096095,2
22.541807364,1
22.558518633,5
22.575229902,1
22.591941171,5
22.60865244,1
22.625363709,6
22.642074978,0
22.658786247,6
22.675497516,1
22.692208785,5
22.708920054,0
22.725631323,4
22.742342592,4
22.759053861,5
22.77576513,5
22.792476399,5
22.809187668,1
22.825898937,0
22.842610206,0
22.859321475,5
22.876032744,2
22.892744013,2
22.909455282,0
22.926166551,1
22.94287782,8
22.959589089,1
22.976300358,5
22.993011627,2
23.009722895,4
23.026434164,1
23.043145433,5
23.059856702,0
23.076567971,8
23.09327924,4
23.109990509,4
23.126701778,1
23.143413047,2
23.160124316,1
23.176835585,1
23.193546854,2
23.210258123,2
23.226969392,2
23.243680661,6
23.26039193,4
23.277103199,1
23.293814468,1
23.310525737,4
23.327237006,1
23.343948275,0
23.360659544,6
23.377370813,1
23.394082082,2
23.410793351,0
23.42750462,2
23.444215889,2
23.460927158,2
23.477638427,2
23.494349696,4
23.511060965,0
23.527772234,2
23.544483503,1
23.561194772,2
23.577906041,2
23.59461731,1
23.611328579,2
23.628039848,2
23.644751117,1
23.661462386,1
23.678173655,1
23.694884924,2
23.711596193,2
23.728307462,2
23.745018731,1
23.76173,1
23.778441269,1
23.795152537,1
23.811863806,2
23.828575075,2
23.845286344,1
23.861997613,1
23.878708882,1
23.895420151,1
23.91213142,0
23.928842689,1
23.945553958,1
23.962265227,6
23.978976496,5
23.995687765,5
24.012399034,4
24.029110303,4
24.045821572,2
24.062532841,4
24.07924411,1
24.095955379,4
24.112666648,2
24.129377917,1
24.146089186,2
24.162800455,0
24.179511724,2
24.196222993,1
24.212934262,2
24.229645531,1
24.2463568,2
24.263068069,0
24.279779338,1
24.296490607,4
24.313201876,5
24.329913145,2
24.346624414,0
24.363335683,4
24.380046952,0
24.396758221,1
24.41346949,2
24.430180759,0
24.446892028,4
24.463603297,2
24.480314566,4
24.497025835,1
24.513737104,2
24.530448373,1
24.547159642,2
24.563870911,1
24.580582179,2
24.597293448,2
24.614004717,1
24.630715986,1
24.647427255,0
24.664138524,5
24.680849793,4
24.697561062,2
24.714272331,5
24.7309836,0
24.747694869,0
24.764406138,2
24.781117407,0
24.797828676,4
24.814539945,2
24.831251214,0
24.847962483,2
24.864673752,0
24.881385021,1
24.89809629,1
24.914807559,5
24.931518828,1
24.948230097,4
24.964941366,0
24.981652635,0
24.998363904,1
25.015075173,2
25.031786442,2
25.048497711,2
25.06520898,2
25.081920249,1
25.098631518,0
25.115342787,2
25.132054056,2
25.148765325,2
25.165476594,4
25.182187863,1
25.198899132,2
25.215610401,2
25.23232167,1
25.249032939,4
25.265744208,1
25.282455477,0
25.299166746,0
25.315878015,1
25.332589284,2
25.349300553,2
25.366011821,4
25.38272309,2
25.399434359,0
25.416145628,1
25.432856897,0
25.449568166,2
25.466279435,2
25.482990704,0
25.499701973,2
25.516413242,2
25.533124511,2
25.54983578,1
25.566547049,1
25.583258318,1
25.599969587,4
25.616680856,2
25.633392125,2
25.650103394,1
25.666814663,1
25.683525932,1
25.700237201,2
25.71694847,2
25.733659739,2
25.750371008,0
25.767082277,0
25.783793546,2
25.800504815,1
25.817216084,2
25.833927353,2
25.850638622,2
25.867349891,1
25.88406116,2
25.900772429,2
25.917483698,4
25.934194967,0
25.950906236,2
25.967617505,4
25.984328774,2
26.001040043,4
26.017751312,1
26.034462581,1
26.05117385,5
26.067885119,2
26.084596388,1
26.101307657,1
26.118018926,2
26.134730195,2
26.151441463,4
26.168152732,6
26.184864001,0
26.20157527,2
26.218286539,2
26.234997808,4
26.251709077,5
26.268420346,0
26.285131615,1
26.301842884,0
26.318554153,2
26.335265422,1
26.351976691,1
26.36868796,4
26.385399229,1
26.402110498,2
26.418821767,2
26.435533036,1
26.452244305,2
26.468955574,2
26.485666843,0
26.502378112,4
26.519089381,0
26.53580065,2
26.552511919,8
26.569223188,0
26.585934457,5
26.602645726,4
26.619356995,1
26.636068264,1
26.652779533,4
26.669490802,0
26.686202071,2
26.70291334,0
26.719624609,1
26.736335878,1
26.753047147,2
26.769758416,4
26.786469685,0
26.803180954,2
26.819892223,2
26.836603492,2
26.853314761,1
26.87002603,0
26.886737299,0
26.903448568,0
26.920159837,0
26.936871105,2
26.953582374,0
26.970293643,2
26.987004912,1
27.003716181,2
27.02042745,6
27.037138719,2
27.053849988,1
27.070561257,4
27.087272526,1
27.103983795,0
27.120695064,0
27.137406333,0
27.154117602,2
27.170828871,1
27.18754014,0
27.204251409,0
27.220962678,6
27.237673947,0
27.254385216,1
27.271096485,2
27.287807754,2
27.304519023,0
27.321230292,1
27.337941561,4
27.35465283,0
27.371364099,0
27.388075368,1
27.404786637,1
27.421497906,0
27.438209175,0
27.454920444,0
27.471631713,5
27.488342982,1
27.505054251,2
27.52176552,1
27.538476789,4
27.555188058,1
27.571899327,2
27.588610596,2
27.605321865,2
27.622033134,2
27.638744403,1
27.655455672,2
27.672166941,6
27.68887821,2
27.705589479,4
27.722300747,2
27.739012016,0
27.755723285,1
27.772434554,4
27.789145823,5
27.805857092,0
27.822568361,2
27.83927963,1
27.855990899,2
27.872702168,2
27.889413437,4
27.906124706,6
27.922835975,4
27.939547244,2
27.956258513,0
27.972969782,2
27.989681051,4
28.00639232,2
28.023103589,2
28.039814858,4
28.056526127,4
28.073237396,1
28.089948665,1
28.106659934,2
28.123371203,2
28.140082472,2
28.156793741,0
28.17350501,1
28.190216279,4
28.206927548,4
28.223638817,4
28.240350086,2
28.257061355,4
28.273772624,4
28.290483893,1
28.307195162,2
28.323906431,4
28.3406177,0
28.357328969,1
28.374040238,4
28.390751507,1
28.407462776,4
28.424174045,2
28.440885314,0
28.457596583,1
28.474307852,9
28.491019121,2
28.50773039,2
28.524441658,2
28.541152927,4
28.557864196,0
28.574575465,1
28.591286734,2
28.607998003,2
28.624709272,1
28.641420541,1
28.65813181,4
28.674843079,4
28.691554348,1
28.708265617,0
28.724976886,1
28.741688155,2
28.758399424,1
28.775110693,4
28.791821962,4
28.808533231,1
28.8252445,4
28.841955769,1
28.858667038,2
28.875378307,0
28.892089576,0
28.908800845,5
28.925512114,2
28.942223383,2
28.958934652,2
28.975645921,0
28.99235719,1
29.009068459,1
29.025779728,2
29.042490997,2
29.059202266,2
29.075913535,1
29.092624804,5
29.109336073,4
29.126047342,2
29.142758611,2
29.15946988,0
29.176181149,1
29.192892418,0
29.209603687,4
29.226314956,1
29.243026225,1
29.259737494,1
29.276448763,2
29.293160032,1
29.3098713,4
29.326582569,2
29.343293838,2
29.360005107,4
29.376716376,2
29.393427645,0
29.410138914,1
29.426850183,2
29.443561452,1
29.460272721,2
29.47698399,6
29.493695259,1
29.510406528,1
29.527117797,1
29.543829066,4
29.560540335,5
29.577251604,0
29.593962873,1
29.610674142,1
29.627385411,2
29.64409668,2
29.660807949,5
29.677519218,0
29.694230487,1
29.710941756,4
29.727653025,1
29.744364294,5
29.761075563,4
29.777786832,1
29.794498101,1
29.81120937,0
29.827920639,4
29.844631908,0
29.861343177,1
29.878054446,4
29.894765715,2
29.911476984,5
29.928188253,5
29.944899522,6
29.961610791,1
29.97832206,5
29.995033329,9
30.011744598,8
30.028455867,14
30.045167136,5
30.061878405,0
30.078589674,8
30.095300942,5
30.112012211,6
30.12872348,10
30.145434749,6
30.162146018,6
30.178857287,9
30.195568556,4
30.212279825,8
30.228991094,6
30.245702363,4
30.262413632,2
30.279124901,2
30.29583617,4
30.312547439,2
30.329258708,1
30.345969977,2
30.362681246,1
30.379392515,0
30.396103784,1
30.412815053,8
30.429526322,6
30.446237591,4
30.46294886,5
30.479660129,6
30.496371398,8
30.513082667,4
30.529793936,6
30.546505205,5
30.563216474,4
30.579927743,9
30.596639012,8
30.613350281,6
30.63006155,5
30.646772819,9
30.663484088,14
30.680195357,9
30.696906626,12
30.713617895,16
30.730329164,36
30.747040433,26
30.763751702,25
30.780462971,36
30.79717424,48
30.813885509,62
30.830596778,56
30.847308047,56
30.864019316,60
30.880730584,88
30.897441853,101
30.914153122,82
30.930864391,108
30.94757566,97
30.964286929,125
30.980998198,133
30.997709467,139
31.014420736,120
31.031132005,157
31.047843274,161
31.064554543,133
31.081265812,118
31.097977081,100
31.11468835,141
31.131399619,101
31.148110888,110
31.164822157,96
31.181533426,86
31.198244695,68
31.214955964,81
31.231667233,45
31.248378502,64
31.265089771,48
31.28180104,58
31.298512309,68
31.315223578,50
31.331934847,70
31.348646116,60
31.365357385,58
31.382068654,48
31.398779923,58
31.415491192,44
31.432202461,50
31.44891373,64
31.465624999,50
31.482336268,56
31.499047537,64
31.515758806,58
31.532470075,65
31.549181344,53
31.565892613,52
31.582603882,46
31.599315151,40
31.61602642,28
31.632737689,28
31.649448958,22
31.666160226,25
31.682871495,28
31.699582764,16
31.716294033,10
31.733005302,8
31.749716571,20
31.76642784,10
31.783139109,17
31.799850378,6
31.816561647,4
31.833272916,8
31.849984185,8
31.866695454,4
31.883406723,8
31.900117992,8
31.916829261,8
31.93354053,6
31.950251799,9
31.966963068,9
31.983674337,2
32.000385606,5
32.017096875,5
32.033808144,2
32.050519413,4
32.067230682,1
32.083941951,9
32.10065322,4
32.117364489,2
32.134075758,2
32.150787027,2
32.167498296,2
32.184209565,0
32.200920834,2
32.217632103,2
32.234343372,4
32.251054641,1
32.26776591,1
32.284477179,0
32.301188448,2
32.317899717,6
32.334610986,4
32.351322255,4
32.368033524,5
32.384744793,1
32.401456062,0
32.418167331,1
32.4348786,0
32.451589868,2
32.468301137,4
32.485012406,4
32.501723675,1
32.518434944,2
32.535146213,4
32.551857482,2
32.568568751,0
32.58528002,0
32.601991289,1
32.618702558,0
32.635413827,0
32.652125096,2
32.668836365,5
32.685547634,2
32.702258903,1
32.718970172,2
32.735681441,2
32.75239271,4
32.769103979,1
32.785815248,0
32.802526517,5
32.819237786,0
32.835949055,1
32.852660324,1
32.869371593,0
32.886082862,5
32.902794131,4
32.9195054,2
32.936216669,1
32.952927938,4
32.969639207,4
32.986350476,1
33.003061745,0
33.019773014,1
33.036484283,0
33.053195552,1
33.069906821,4
33.08661809,2
33.103329359,1
33.120040628,0
33.136751897,4
33.153463166,0
33.170174435,0
33.186885704,1
33.203596973,1
33.220308242,5
33.23701951,1
33.253730779,4
33.270442048,2
33.287153317,2
33.303864586,1
33.320575855,2
33.337287124,4
33.353998393,0
33.370709662,0
33.387420931,2
33.4041322,0
33.420843469,0
33.437554738,0
33.454266007,5
33.470977276,0
33.487688545,0
33.504399814,4
33.521111083,0
33.537822352,0
33.554533621,1
33.57124489,1
33.587956159,1
33.604667428,2
33.621378697,2
33.638089966,0
33.654801235,2
33.671512504,1
33.688223773,0
33.704935042,1
33.721646311,0
33.73835758,1
33.755068849,0
33.771780118,2
33.788491387,1
33.805202656,2
33.821913925,1
33.838625194,2
33.855336463,4
33.872047732,0
33.888759001,1
33.90547027,1
33.922181539,1
33.938892808,0
33.955604077,0
33.972315346,4
33.989026615,5
34.005737884,0
34.022449152,4
34.039160421,1
34.05587169,1
34.072582959,0
34.089294228,1
34.106005497,1
34.122716766,0
34.139428035,0
34.156139304,5
34.172850573,1
34.189561842,0
34.206273111,1
34.22298438,2
34.239695649,2
34.256406918,2
34.273118187,1
34.289829456,0
34.306540725,1
34.323251994,5
34.339963263,0
34.356674532,1
34.373385801,2
34.39009707,0
34.406808339,1
34.423519608,4
34.440230877,2
34.456942146,5
34.473653415,1
34.490364684,2
34.507075953,1
34.523787222,0
34.540498491,1
34.55720976,2
34.573921029,2
34.590632298,4
34.607343567,1
34.624054836,2
34.640766105,0
34.657477374,2
34.674188643,1
34.690899912,1
34.707611181,1
34.72432245,1
34.741033719,2
34.757744988,0
34.774456257,2
34.791167526,0
34.807878794,2
34.824590063,5
34.841301332,4
34.858012601,2
34.87472387,1
34.891435139,1
34.908146408,1
34.924857677,0
34.941568946,0
34.958280215,2
34.974991484,0
34.991702753,4
35.008414022,1
35.025125291,2
35.04183656,1
35.058547829,5
35.075259098,1
35.091970367,1
35.108681636,0
35.125392905,2
35.142104174,0
35.158815443,0
35.175526712,2
35.192237981,2
35.20894925,4
35.225660519,5
35.242371788,2
35.259083057,2
35.275794326,1
35.292505595,0
35.309216864,0
35.325928133,1
35.342639402,1
35.359350671,0
35.37606194,4
35.392773209,0
35.409484478,0
35.426195747,6
35.442907016,4
35.459618285,4
35.476329554,4
35.493040823,2
35.509752092,1
35.526463361,0
35.54317463,0
35.559885899,0
35.576597168,1
35.593308437,1
35.610019705,0
35.626730974,0
35.643442243,1
35.660153512,0
35.676864781,1
35.69357605,0
35.710287319,1
35.726998588,0
35.743709857,1
35.760421126,5
35.777132395,1
35.793843664,0
35.810554933,1
35.827266202,1
35.843977471,0
35.86068874,1
35.877400009,1
35.894111278,0
35.910822547,2
35.927533816,0
35.944245085,4
35.960956354,1
35.977667623,1
35.994378892,0
36.011090161,1
36.02780143,1
36.044512699,1
36.061223968,2
36.077935237,0
36.094646506,2
36.111357775,0
36.128069044,4
36.144780313,5
36.161491582,0
36.178202851,2
36.19491412,1
36.211625389,1
36.228336658,1
36.245047927,1
36.261759196,1
36.278470465,1
36.295181734,0
36.311893003,0
36.328604272,1
36.345315541,1
36.36202681,1
36.378738079,2
36.395449347,1
36.412160616,1
36.428871885,1
36.445583154,2
36.462294423,2
36.479005692,0
36.495716961,2
36.51242823,0
36.529139499,4
36.545850768,1
36.562562037,0
36.579273306,2
36.595984575,0
36.612695844,1
36.629407113,1
36.646118382,1
36.662829651,1
36.67954092,0
36.696252189,4
36.712963458,1
36.729674727,2
36.746385996,2
36.763097265,2
36.779808534,1
36.796519803,2
36.813231072,6
36.829942341,1
36.84665361,0
36.863364879,1
36.880076148,0
36.896787417,5
36.913498686,0
36.930209955,0
36.946921224,0
36.963632493,4
36.980343762,4
36.997055031,1
37.0137663,4
37.030477569,0
37.047188838,0
37.063900107,2
37.080611376,1
37.097322645,1
37.114033914,1
37.130745183,4
37.147456452,1
37.164167721,0
37.180878989,1
37.197590258,2
37.214301527,0
37.231012796,2
37.247724065,1
37.264435334,5
37.281146603,1
37.297857872,2
37.314569141,0
37.33128041,0
37.347991679,4
37.364702948,0
37.381414217,1
37.398125486,4
37.414836755,1
37.431548024,2
37.448259293,0
37.464970562,0
37.481681831,0
37.4983931,0
37.515104369,2
37.531815638,1
37.548526907,0
37.565238176,0
37.581949445,2
37.598660714,1
37.615371983,2
37.632083252,1
37.648794521,2
37.66550579,0
37.682217059,4
37.698928328,1
37.715639597,0
37.732350866,1
37.749062135,0
37.765773404,1
37.782484673,0
37.799195942,6
37.815907211,1
37.83261848,1
37.849329749,1
37.866041018,4
37.882752287,0
37.899463556,1
37.916174825,0
37.932886094,4
37.949597363,1
37.966308631,1
37.9830199,2
37.999731169,0
38.016442438,5
38.033153707,1
38.049864976,4
38.066576245,0
38.083287514,4
38.099998783,6
38.116710052,8
38.133421321,18
38.15013259,10
38.166843859,16
38.183555128,14
38.200266397,24
38.216977666,12
38.233688935,17
38.250400204,12
38.267111473,18
38.283822742,26
38.300534011,32
38.31724528,28
38.333956549,21
38.350667818,32
38.367379087,36
38.384090356,28
38.400801625,36
38.417512894,41
38.434224163,42
38.450935432,30
38.467646701,29
38.48435797,32
38.501069239,33
38.517780508,30
38.534491777,25
38.551203046,22
38.567914315,13
38.584625584,12
38.601336853,14
38.618048122,6
38.634759391,9
38.65147066,16
38.668181929,16
38.684893198,12
38.701604467,5
38.718315736,10
38.735027005,6
38.751738273,6
38.768449542,5
38.785160811,12
38.80187208,4
38.818583349,6
38.835294618,4
38.852005887,1
38.868717156,1
38.885428425,2
38.902139694,4
38.918850963,4
38.935562232,1
38.952273501,5
38.96898477,2
38.985696039,0
39.002407308,2
39.019118577,2
39.035829846,2
39.052541115,1
39.069252384,2
39.085963653,2
39.102674922,1
39.119386191,1
39.13609746,2
39.152808729,2
39.169519998,1
39.186231267,1
39.202942536,4
39.219653805,0
39.236365074,5
39.253076343,1
39.269787612,2
39.286498881,0
39.30321015,4
39.319921419,0
39.336632688,1
39.353343957,1
39.370055226,1
39.386766495,1
39.403477764,1
39.420189033,0
39.436900302,2
39.453611571,2
39.47032284,1
39.487034109,0
39.503745378,2
39.520456647,0
39.537167915,2
39.553879184,1
39.570590453,0
39.587301722,0
39.604012991,1
39.62072426,1
39.637435529,2
39.654146798,2
39.670858067,1
39.687569336,4
39.704280605,4
39.720991874,0
39.737703143,0
39.754414412,1
39.771125681,0
39.78783695,2
39.804548219,2
39.821259488,1
39.837970757,4
39.854682026,0
39.871393295,0
39.888104564,1
39.904815833,0
39.921527102,0
39.938238371,1
39.95494964,1
39.971660909,1
39.988372178,0
40.005083447,1
40.021794716,2
40.038505985,0
40.055217254,4
40.071928523,0
40.088639792,0
40.105351061,1
40.12206233,1
40.138773599,2
40.155484868,1
40.172196137,2
40.188907406,0
40.205618675,1
40.222329944,0
40.239041213,0
40.255752482,5
40.272463751,0
40.28917502,2
40.305886289,1
40.322597557,5
40.339308826,0
40.356020095,1
40.372731364,4
40.389442633,1
40.406153902,0
40.422865171,0
40.43957644,2
40.456287709,2
40.472998978,5
40.489710247,1
40.506421516,1
40.523132785,1
40.539844054,4
40.556555323,2
40.573266592,0
40.589977861,1
40.60668913,4
40.623400399,1
40.640111668,1
40.656822937,0
40.673534206,0
40.690245475,0
40.706956744,2
40.723668013,1
40.740379282,1
40.757090551,2
40.77380182,1
40.790513089,2
40.807224358,0
40.823935627,0
40.840646896,2
40.857358165,1
40.874069434,1
40.890780703,2
40.907491972,0
40.924203241,2
40.94091451,1
40.957625779,1
40.974337048,0
40.991048317,2
41.007759586,1
41.024470855,2
41.041182124,0
41.057893393,0
41.074604662,1
41.091315931,4
41.108027199,0
41.124738468,0
41.141449737,1
41.158161006,2
41.174872275,5
41.191583544,1
41.208294813,0
41.225006082,2
41.241717351,1
41.25842862,0
41.275139889,2
41.291851158,1
41.308562427,0
41.325273696,1
41.341984965,0
41.358696234,1
41.375407503,1
41.392118772,2
41.408830041,1
41.42554131,1
41.442252579,0
41.458963848,1
41.475675117,0
41.492386386,0
41.509097655,2
41.525808924,1
41.542520193,1
41.559231462,0
41.575942731,0
41.592654,2
41.609365269,1
41.626076538,1
41.642787807,1
41.659499076,1
41.676210345,1
41.692921614,5
41.709632883,2
41.726344152,4
41.743055421,1
41.75976669,2
41.776477959,1
41.793189228,1
41.809900497,4
41.826611766,1
41.843323035,5
41.860034304,2
41.876745573,2
41.893456841,1
41.91016811,2
41.926879379,2
41.943590648,1
41.960301917,0
41.977013186,1
41.993724455,1
42.010435724,0
42.027146993,4
42.043858262,1
42.060569531,0
42.0772808,2
42.093992069,6
42.110703338,1
42.127414607,0
42.144125876,4
42.160837145,5
42.177548414,0
42.194259683,1
42.210970952,2
42.227682221,1
42.24439349,0
42.261104759,1
42.277816028,1
42.294527297,2
42.311238566,4
42.327949835,0
42.344661104,1
42.361372373,1
42.378083642,2
42.394794911,0
42.41150618,4
42.428217449,1
42.444928718,0
42.461639987,0
42.478351256,4
42.495062525,0
42.511773794,1
42.528485063,0
42.545196332,2
42.561907601,4
42.57861887,0
42.595330139,0
42.612041408,4
42.628752677,1
42.645463946,5
42.662175215,4
42.678886484,2
42.695597752,1
42.712309021,1
42.72902029,4
42.745731559,1
42.762442828,1
42.779154097,0
42.795865366,4
42.812576635,1
42.829287904,6
42.845999173,2
42.862710442,1
42.879421711,0
42.89613298,1
42.912844249,1
42.929555518,1
42.946266787,1
42.962978056,2
42.979689325,0
42.996400594,4
43.013111863,1
43.029823132,1
43.046534401,1
43.06324567,1
43.079956939,0
43.096668208,1
43.113379477,1
43.130090746,1
43.146802015,1
43.163513284,1
43.180224553,1
43.196935822,0
43.213647091,4
43.23035836,6
43.247069629,2
43.263780898,0
43.280492167,2
43.297203436,0
43.313914705,9
43.330625974,4
43.347337243,0
43.364048512,4
43.380759781,6
43.39747105,5
43.414182319,2
43.430893588,0
43.447604857,12
43.464316126,1
43.481027394,6
43.497738663,10
43.514449932,5
43.531161201,5
43.54787247,16
43.564583739,10
43.581295008,14
43.598006277,12
43.614717546,16
43.631428815,9
43.648140084,18
43.664851353,10
43.681562622,12
43.698273891,12
43.71498516,17
43.731696429,13
43.748407698,22
43.765118967,17
43.781830236,14
43.798541505,13
43.815252774,14
43.831964043,16
43.848675312,17
43.865386581,17
43.88209785,6
43.898809119,9
43.915520388,13
43.932231657,10
43.948942926,12
43.965654195,13
43.982365464,9
43.999076733,6
44.015788002,5
44.032499271,4
44.04921054,8
44.065921809,6
44.082633078,8
44.099344347,2
44.116055616,8
44.132766885,8
44.149478154,4
44.166189423,14
44.182900692,6
44.199611961,4
44.21632323,4
44.233034499,2
44.249745768,5
44.266457036,5
44.283168305,1
44.299879574,4
44.316590843,2
44.333302112,9
44.350013381,5
44.36672465,2
44.383435919,6
44.400147188,8
44.416858457,8
44.433569726,8
44.450280995,2
44.466992264,4
44.483703533,8
44.500414802,8
44.517126071,6
44.53383734,9
44.550548609,13
44.567259878,13
44.583971147,9
44.600682416,14
44.617393685,16
44.634104954,9
44.650816223,14
44.667527492,16
44.684238761,16
44.70095003,16
44.717661299,14
44.734372568,13
44.751083837,9
44.767795106,9
44.784506375,24
44.801217644,16
44.817928913,9
44.834640182,12
44.851351451,17
44.86806272,17
44.884773989,26
44.901485258,17
44.918196527,33
44.934907796,28
44.951619065,28
44.968330334,16
44.985041603,22
45.001752872,22
45.018464141,33
45.03517541,40
45.051886678,20
45.068597947,22
45.085309216,36
45.102020485,42
45.118731754,25
45.135443023,30
45.152154292,25
45.168865561,18
45.18557683,24
45.202288099,30
45.218999368,26
45.235710637,20
45.252421906,26
45.269133175,13
45.285844444,24
45.302555713,18
45.319266982,16
45.335978251,16
45.35268952,16
45.369400789,13
45.386112058,17
45.402823327,9
45.419534596,4
45.436245865,12
45.452957134,9
45.469668403,4
45.486379672,6
45.503090941,2
45.51980221,2
45.536513479,6
45.553224748,2
45.569936017,0
45.586647286,2
45.603358555,4
45.620069824,4
45.636781093,2
45.653492362,2
45.670203631,0
45.6869149,1
45.703626169,4
45.720337438,1
45.737048707,2
45.753759976,0
45.770471245,2
45.787182514,4
45.803893783,4
45.820605052,0
45.83731632,2
45.854027589,1
45.870738858,1
45.887450127,4
45.904161396,1
45.920872665,2
45.937583934,1
45.954295203,0
45.971006472,1
45.987717741,2
46.00442901,1
46.021140279,4
46.037851548,1
46.054562817,4
46.071274086,0
46.087985355,2
46.104696624,2
46.121407893,1
46.138119162,1
46.154830431,0
46.1715417,1
46.188252969,4
46.204964238,2
46.221675507,4
46.238386776,1
46.255098045,1
46.271809314,0
46.288520583,1
46.305231852,2
46.321943121,1
46.33865439,2
46.355365659,0
46.372076928,1
46.388788197,0
46.405499466,1
46.422210735,0
46.438922004,0
46.455633273,1
46.472344542,0
46.489055811,2
46.50576708,1
46.522478349,0
46.539189618,4
46.555900887,0
46.572612156,1
46.589323425,1
46.606034694,1
46.622745962,0
46.639457231,5
46.6561685,0
46.672879769,0
46.689591038,0
46.706302307,0
46.723013576,0
46.739724845,4
46.756436114,4
46.773147383,4
46.789858652,1
46.806569921,1
46.82328119,0
46.839992459,1
46.856703728,1
46.873414997,4
46.890126266,1
46.906837535,2
46.923548804,1
46.940260073,4
46.956971342,1
46.973682611,2
46.99039388,1
47.007105149,1
47.023816418,2
47.040527687,4
47.057238956,1
47.073950225,1
47.090661494,1
47.107372763,0
47.124084032,2
47.140795301,0
47.15750657,1
47.174217839,2
47.190929108,2
47.207640377,2
47.224351646,1
47.241062915,0
47.257774184,5
47.274485453,0
47.291196722,1
47.307907991,4
47.32461926,2
47.341330529,2
47.358041798,1
47.374753067,0
47.391464336,1
47.408175604,0
47.424886873,4
47.441598142,1
47.458309411,1
47.47502068,1
47.491731949,2
47.508443218,4
47.525154487,1
47.541865756,1
47.558577025,1
47.575288294,2
47.591999563,4
47.608710832,0
47.625422101,4
47.64213337,0
47.658844639,0
47.675555908,4
47.692267177,1
47.708978446,1
47.725689715,4
47.742400984,1
47.759112253,4
47.775823522,0
47.792534791,1
47.80924606,1
47.825957329,1
47.842668598,1
47.859379867,4
47.876091136,0
47.892802405,0
47.909513674,0
47.926224943,1
47.942936212,2
47.959647481,2
47.97635875,0
47.993070019,1
48.009781288,1
48.026492557,6
48.043203826,1
48.059915095,0
48.076626364,0
48.093337633,1
48.110048902,0
48.126760171,0
48.14347144,2
48.160182709,2
48.176893978,2
48.193605246,5
48.210316515,0
48.227027784,1
48.243739053,0
48.260450322,1
48.277161591,0
48.29387286,2
48.310584129,0
48.327295398,4
48.344006667,2
48.360717936,4
48.377429205,1
48.394140474,4
48.410851743,2
48.427563012,1
48.444274281,0
48.46098555,0
48.477696819,1
48.494408088,1
48.511119357,4
48.527830626,0
48.544541895,0
48.561253164,5
48.577964433,0
48.594675702,1
48.611386971,0
48.62809824,0
48.644809509,1
48.661520778,2
48.678232047,0
48.694943316,0
48.711654585,1
48.728365854,2
48.745077123,6
48.761788392,1
48.778499661,1
48.79521093,0
48.811922199,0
48.828633468,1
48.845344737,0
48.862056006,2
48.878767275,0
48.895478544,2
48.912189813,1
48.928901082,1
48.945612351,2
48.96232362,1
48.979034888,2
48.995746157,1
49.012457426,2
49.029168695,4
49.045879964,0
49.062591233,2
49.079302502,1
49.096013771,5
49.11272504,2
49.129436309,0
49.146147578,2
49.162858847,2
49.179570116,4
49.196281385,5
49.212992654,6
49.229703923,1
49.246415192,2
49.263126461,4
49.27983773,6
49.296548999,5
49.313260268,9
49.329971537,9
49.346682806,9
49.363394075,6
49.380105344,6
49.396816613,13
49.413527882,9
49.430239151,9
49.44695042,12
49.463661689,14
49.480372958,8
49.497084227,12
49.513795496,10
49.530506765,6
49.547218034,14
49.563929303,9
49.580640572,14
49.597351841,12
49.61406311,9
49.630774379,9
49.647485648,10
49.664196917,13
49.680908186,13
49.697619455,8
49.714330724,8
49.731041993,12
49.747753262,8
49.764464531,4
49.781175799,14
49.797887068,10
49.814598337,10
49.831309606,6
49.848020875,10
49.864732144,9
49.881443413,4
49.898154682,6
49.914865951,14
49.93157722,5
49.948288489,5
49.964999758,12
49.981711027,6
49.998422296,4
50.015133565,6
50.031844834,9
50.048556103,8
50.065267372,10
50.081978641,6
50.09868991,9
50.115401179,5
50.132112448,10
50.148823717,5
50.165534986,12
50.182246255,9
50.198957524,5
50.215668793,6
50.232380062,9
50.249091331,2
50.2658026,9
50.282513869,4
50.299225138,12
50.315936407,6
50.332647676,4
50.349358945,12
50.366070214,12
50.382781483,10
50.399492752,8
50.416204021,10
50.43291529,16
50.449626559,12
50.466337828,16
50.483049097,10
50.499760366,9
50.516471635,13
50.533182904,2
50.549894173,9
50.566605441,8
50.58331671,9
50.600027979,10
50.616739248,5
50.633450517,9
50.650161786,4
50.666873055,12
50.683584324,12
50.700295593,8
50.717006862,14
50.733718131,1
50.7504294,5
50.767140669,10
50.783851938,14
50.800563207,6
50.817274476,2
50.833985745,13
50.850697014,5
50.867408283,2
50.884119552,6
50.900830821,8
50.91754209,4
50.934253359,9
50.950964628,5
50.967675897,2
50.984387166,6
51.001098435,5
51.017809704,1
51.034520973,2
51.051232242,5
51.067943511,4
51.08465478,2
51.101366049,4
51.118077318,5
51.134788587,2
51.151499856,2
51.168211125,2
51.184922394,1
51.201633663,0
51.218344932,2
51.235056201,0
51.25176747,1
51.268478739,1
51.285190008,2
51.301901277,1
51.318612546,4
51.335323815,2
51.352035083,2
51.368746352,1
51.385457621,0
51.40216889,1
51.418880159,2
51.435591428,1
51.452302697,2
51.469013966,1
51.485725235,0
51.502436504,2
51.519147773,2
51.535859042,2
51.552570311,4
51.56928158,1
51.585992849,1
51.602704118,1
51.619415387,0
51.636126656,4
51.652837925,4
51.669549194,2
51.686260463,0
51.702971732,2
51.719683001,1
51.73639427,0
51.753105539,1
51.769816808,2
51.786528077,2
51.803239346,1
51.819950615,1
51.836661884,5
51.853373153,4
51.870084422,2
51.886795691,0
51.90350696,0
51.920218229,1
51.936929498,5
51.953640767,2
51.970352036,0
51.987063305,1
52.003774574,0
52.020485843,2
52.037197112,0
52.053908381,1
52.07061965,0
52.087330919,6
52.104042188,0
52.120753457,2
52.137464725,1
52.154175994,0
52.170887263,1
52.187598532,1
52.204309801,4
52.22102107,4
52.237732339,1
52.254443608,0
52.271154877,1
52.287866146,4
52.304577415,0
52.321288684,2
52.337999953,1
52.354711222,2
52.371422491,2
52.38813376,2
52.404845029,1
52.421556298,1
52.438267567,5
52.454978836,1
52.471690105,0
52.488401374,1
52.505112643,1
52.521823912,4
52.538535181,1
52.55524645,4
52.571957719,5
52.588668988,1
52.605380257,4
52.622091526,4
52.638802795,2
52.655514064,0
52.672225333,1
52.688936602,1
52.705647871,0
52.72235914,1
52.739070409,4
52.755781678,6
52.772492947,1
52.789204216,2
52.805915485,1
52.822626754,1
52.839338023,4
52.856049292,1
52.872760561,4
52.88947183,1
52.906183099,2
52.922894367,0
52.939605636,1
52.956316905,1
52.973028174,1
52.989739443,1
53.006450712,1
53.023161981,2
53.03987325,5
53.056584519,1
53.073295788,1
53.090007057,2
53.106718326,4
53.123429595,2
53.140140864,1
53.156852133,4
53.173563402,4
53.190274671,0
53.20698594,2
53.223697209,2
53.240408478,0
53.257119747,2
53.273831016,1
53.290542285,0
53.307253554,2
53.323964823,2
53.340676092,1
53.357387361,0
53.37409863,1
53.390809899,1
53.407521168,0
53.424232437,0
53.440943706,5
53.457654975,5
53.474366244,2
53.491077513,1
53.507788782,1
53.524500051,2
53.54121132,0
53.557922589,2
53.574633858,1
53.591345127,4
53.608056396,2
53.624767665,1
53.641478934,1
53.658190203,1
53.674901472,2
53.691612741,2
53.708324009,0
53.725035278,4
53.741746547,1
53.758457816,1
53.775169085,4
53.791880354,1
53.808591623,2
53.825302892,4
53.842014161,1
53.85872543,4
53.875436699,6
53.892147968,1
53.908859237,0
53.925570506,0
53.942281775,0
53.958993044,1
53.975704313,1
53.992415582,4
54.009126851,2
54.02583812,2
54.042549389,1
54.059260658,1
54.075971927,1
54.092683196,4
54.109394465,5
54.126105734,1
54.142817003,4
54.159528272,1
54.176239541,0
54.19295081,5
54.209662079,1
54.226373348,2
54.243084617,0
54.259795886,1
54.276507155,8
54.293218424,1
54.309929693,1
54.326640962,4
54.343352231,1
54.3600635,0
54.376774769,4
54.393486038,2
54.410197307,1
54.426908576,8
54.443619845,5
54.460331114,5
54.477042383,8
54.493753651,4
54.51046492,6
54.527176189,8
54.543887458,10
54.560598727,12
54.577309996,4
54.594021265,6
54.610732534,8
54.627443803,17
54.644155072,16
54.660866341,9
54.67757761,21
54.694288879,18
54.711000148,17
54.727711417,22
54.744422686,21
54.761133955,22
54.777845224,21
54.794556493,24
54.811267762,29
54.827979031,26
54.8446903,20
54.861401569,24
54.878112838,32
54.894824107,26
54.911535376,24
54.928246645,33
54.944957914,30
54.961669183,16
54.978380452,24
54.995091721,20
55.01180299,22
55.028514259,18
55.045225528,26
55.061936797,8
55.078648066,21
55.095359335,17
55.112070604,14
55.128781873,29
55.145493142,13
55.162204411,14
55.17891568,20
55.195626949,10
55.212338218,14
55.229049487,21
55.245760756,21
55.262472025,26
55.279183293,16
55.295894562,20
55.312605831,16
55.3293171,18
55.346028369,14
55.362739638,20
55.379450907,16
55.396162176,14
55.412873445,20
55.429584714,26
55.446295983,18
55.463007252,20
55.479718521,28
55.49642979,33
55.513141059,30
55.529852328,46
55.546563597,32
55.563274866,40
55.579986135,36
55.596697404,34
55.613408673,33
55.630119942,37
55.646831211,29
55.66354248,37
55.680253749,33
55.696965018,46
55.713676287,41
55.730387556,48
55.747098825,25
55.763810094,48
55.780521363,29
55.797232632,45
55.813943901,33
55.83065517,24
55.847366439,42
55.864077708,26
55.880788977,29
55.897500246,32
55.914211515,22
55.930922784,18
55.947634053,22
55.964345322,20
55.981056591,22
55.99776786,17
56.014479129,21
56.031190398,12
56.047901667,14
56.064612935,10
56.081324204,10
56.098035473,10
56.114746742,5
56.131458011,10
56.14816928,16
56.164880549,4
56.181591818,6
56.198303087,6
56.215014356,8
56.231725625,6
56.248436894,6
56.265148163,2
56.281859432,6
56.298570701,2
56.31528197,4
56.331993239,5
56.348704508,4
56.365415777,2
56.382127046,0
56.398838315,2
56.415549584,2
56.432260853,6
56.448972122,9
56.465683391,2
56.48239466,2
56.499105929,2
56.515817198,1
56.532528467,2
56.549239736,6
56.565951005,0
56.582662274,0
56.599373543,2
56.616084812,4
56.632796081,2
56.64950735,0
56.666218619,1
56.682929888,4
56.699641157,4
56.716352426,0
56.733063695,1
56.749774964,1
56.766486233,8
56.783197502,1
56.799908771,2
56.81662004,2
56.833331309,4
56.850042578,5
56.866753846,0
56.883465115,2
56.900176384,6
56.916887653,6
56.933598922,2
56.950310191,1
56.96702146,1
56.983732729,2
57.000443998,0
57.017155267,4
57.033866536,1
57.050577805,1
57.067289074,0
57.084000343,0
57.100711612,2
57.117422881,1
57.13413415,4
57.150845419,4
57.167556688,1
57.184267957,1
57.200979226,2
57.217690495,1
57.234401764,1
57.251113033,2
57.267824302,1
57.284535571,2
57.30124684,4
57.317958109,5
57.334669378,0
57.351380647,1
57.368091916,4
57.384803185,2
57.401514454,0
57.418225723,1
57.434936992,1
57.451648261,2
57.46835953,1
57.485070799,1
57.501782068,2
57.518493337,1
57.535204606,0
57.551915875,1
57.568627144,1
57.585338413,1
57.602049682,1
57.618760951,2
57.63547222,4
57.652183488,4
57.668894757,1
57.685606026,0
57.702317295,4
57.719028564,1
57.735739833,1
57.752451102,5
57.769162371,4
57.78587364,1
57.802584909,1
57.819296178,2
57.836007447,2
57.852718716,0
57.869429985,2
57.886141254,0
57.902852523,1
57.919563792,2
57.936275061,1
57.95298633,0
57.969697599,1
57.986408868,2
58.003120137,1
58.019831406,0
58.036542675,2
58.053253944,2
58.069965213,1
58.086676482,1
58.103387751,0
58.12009902,0
58.136810289,0
58.153521558,4
58.170232827,0
58.186944096,1
58.203655365,1
58.220366634,0
58.237077903,4
58.253789172,4
58.270500441,1
58.28721171,1
58.303922979,1
58.320634248,0
58.337345517,0
58.354056786,1
58.370768055,0
58.387479324,1
58.404190593,1
58.420901862,1
58.43761313,2
58.454324399,2
58.471035668,6
58.487746937,4
58.504458206,2
58.521169475,0
58.537880744,0
58.554592013,4
58.571303282,1
58.588014551,2
58.60472582,1
58.621437089,5
58.638148358,1
58.654859627,0
58.671570896,2
58.688282165,0
58.704993434,2
58.721704703,1
58.738415972,4
58.755127241,1
58.77183851,0
58.788549779,2
58.805261048,1
58.821972317,1
58.838683586,0
58.855394855,0
58.872106124,1
58.888817393,1
58.905528662,2
58.922239931,1
58.9389512,1
58.955662469,2
58.972373738,1
58.989085007,2
59.005796276,1
59.022507545,0
59.039218814,0
59.055930083,0
59.072641352,0
59.089352621,0
59.10606389,0
59.122775159,2
59.139486428,2
59.156197697,1
59.172908966,4
59.189620235,2
59.206331504,1
59.223042772,4
59.239754041,1
59.25646531,6
59.273176579,0
59.289887848,2
59.306599117,4
59.323310386,2
59.340021655,4
59.356732924,2
59.373444193,2
59.390155462,5
59.406866731,2
59.423578,0
59.440289269,2
59.457000538,4
59.473711807,4
59.490423076,4
59.507134345,2
59.523845614,6
59.540556883,2
59.557268152,6
59.573979421,1
59.59069069,6
59.607401959,4
59.624113228,1
59.640824497,1
59.657535766,2
59.674247035,2
59.690958304,5
59.707669573,4
59.724380842,5
59.741092111,5
59.75780338,4
59.774514649,2
59.791225918,6
59.807937187,5
59.824648456,6
59.841359725,4
59.858070994,1
59.874782263,0
59.891493532,2
59.908204801,0
59.92491607,1
59.941627339,2
59.958338608,2
59.975049877,2
59.991761146,1
60.008472414,0
60.025183683,0
60.041894952,1
60.058606221,0
60.07531749,2
60.092028759,1
60.108740028,1
60.125451297,2
60.142162566,1
60.158873835,4
60.175585104,4
60.192296373,0
60.209007642,4
60.225718911,1
60.24243018,0
60.259141449,0
60.275852718,4
60.292563987,0
60.309275256,0
60.325986525,2
60.342697794,0
60.359409063,0
60.376120332,1
60.392831601,4
60.40954287,2
60.426254139,2
60.442965408,2
60.459676677,1
60.476387946,2
60.493099215,4
60.509810484,2
60.526521753,1
60.543233022,0
60.559944291,2
60.57665556,2
60.593366829,1
60.610078098,1
60.626789367,0
60.643500636,2
60.660211905,2
60.676923174,2
60.693634443,1
60.710345712,0
60.727056981,0
60.74376825,2
60.760479519,2
60.777190788,4
60.793902056,0
60.810613325,2
60.827324594,4
60.844035863,2
60.860747132,0
60.877458401,2
60.89416967,0
60.910880939,1
60.927592208,2
60.944303477,1
60.961014746,0
60.977726015,2
60.994437284,1
61.011148553,2
61.027859822,2
61.044571091,1
61.06128236,0
61.077993629,1
61.094704898,4
61.111416167,1
61.128127436,1
61.144838705,4
61.161549974,2
61.178261243,1
61.194972512,4
61.211683781,0
61.22839505,0
61.245106319,2
61.261817588,2
61.278528857,4
61.295240126,4
61.311951395,0
61.328662664,1
61.345373933,1
61.362085202,0
61.378796471,1
61.39550774,1
61.412219009,1
61.428930278,2
61.445641547,1
61.462352816,2
61.479064085,0
61.495775354,1
61.512486623,2
61.529197892,5
61.545909161,2
61.56262043,1
61.579331698,0
61.596042967,4
61.612754236,1
61.629465505,1
61.646176774,0
61.662888043,4
61.679599312,5
61.696310581,4
61.71302185,4
61.729733119,5
61.746444388,4
61.763155657,0
61.779866926,4
61.796578195,1
61.813289464,0
61.830000733,0
61.846712002,2
61.863423271,1
61.88013454,1
61.896845809,0
61.913557078,0
61.930268347,6
61.946979616,1
61.963690885,2
61.980402154,2
61.997113423,0
62.013824692,5
62.030535961,2
62.04724723,2
62.063958499,0
62.080669768,2
62.097381037,0
62.114092306,1
62.130803575,1
62.147514844,0
62.164226113,1
62.180937382,1
62.197648651,2
62.21435992,0
62.231071189,4
62.247782458,1
62.264493727,2
62.281204996,1
62.297916265,1
62.314627534,1
62.331338803,1
62.348050072,2
62.36476134,0
62.381472609,4
62.398183878,0
62.414895147,1
62.431606416,1
62.448317685,2
62.465028954,0
62.481740223,1
62.498451492,5
62.515162761,2
62.53187403,1
62.548585299,1
62.565296568,1
62.582007837,1
62.598719106,1
62.615430375,5
62.632141644,0
62.648852913,4
62.665564182,0
62.682275451,6
62.69898672,4
62.715697989,2
62.732409258,5
62.749120527,1
62.765831796,0
62.782543065,5
62.799254334,1
62.815965603,0
62.832676872,1
62.849388141,2
62.86609941,4
62.882810679,4
62.899521948,0
62.916233217,1
62.932944486,0
62.949655755,8
62.966367024,0
62.983078293,5
62.999789562,2
63.016500831,0
63.0332121,2
63.049923369,4
63.066634638,1
63.083345907,0
63.100057176,1
63.116768445,2
63.133479714,2
63.150190982,2
63.166902251,1
63.18361352,2
63.200324789,0
63.217036058,1
63.233747327,0
63.250458596,2
63.267169865,0
63.283881134,4
63.300592403,1
63.317303672,2
63.334014941,1
63.35072621,0
63.367437479,5
63.384148748,1
63.400860017,1
63.417571286,1
63.434282555,1
63.450993824,2
63.467705093,1
63.484416362,0
63.501127631,0
63.5178389,1
63.534550169,1
63.551261438,2
63.567972707,1
63.584683976,1
63.601395245,0
63.618106514,0
63.634817783,2
63.651529052,2
63.668240321,2
63.68495159,4
63.701662859,0
63.718374128,4
63.735085397,1
63.751796666,1
63.768507935,0
63.785219204,2
63.801930473,4
63.818641742,1
63.835353011,1
63.85206428,1
63.868775549,4
63.885486818,5
63.902198087,4
63.918909356,1
63.935620625,2
63.952331893,2
63.969043162,1
63.985754431,2
64.0024657,1
64.019176969,0
64.035888238,2
64.052599507,2
64.069310776,2
64.086022045,5
64.102733314,4
64.119444583,9
64.136155852,4
64.152867121,0
64.16957839,1
64.186289659,1
64.203000928,4
64.219712197,4
64.236423466,4
64.253134735,8
64.269846004,6
64.286557273,6
64.303268542,1
64.319979811,8
64.33669108,5
64.353402349,8
64.370113618,10
64.386824887,8
64.403536156,5
64.420247425,18
64.436958694,9
64.453669963,16
64.470381232,9
64.487092501,12
64.50380377,10
64.520515039,22
64.537226308,14
64.553937577,17
64.570648846,20
64.587360115,22
64.604071384,16
64.620782653,17
64.637493922,21
64.654205191,18
64.67091646,21
64.687627729,17
64.704338998,16
64.721050267,17
64.737761535,22
64.754472804,8
64.771184073,20
64.787895342,10
64.804606611,12
64.82131788,14
64.838029149,9
64.854740418,12
64.871451687,13
64.888162956,10
64.904874225,9
64.921585494,6
64.938296763,8
64.955008032,9
64.971719301,8
64.98843057,10
65.005141839,6
65.021853108,8
65.038564377,10
65.055275646,6
65.071986915,6
65.088698184,12
65.105409453,5
65.122120722,8
65.138831991,8
65.15554326,6
65.172254529,6
65.188965798,4
65.205677067,4
65.222388336,10
65.239099605,5
65.255810874,4
65.272522143,9
65.289233412,8
65.305944681,2
65.32265595,8
65.339367219,4
65.356078488,6
65.372789757,5
65.389501026,4
65.406212295,2
65.422923564,2
65.439634833,6
65.456346102,10
65.473057371,10
65.48976864,10
65.506479909,9
65.523191177,8
65.539902446,10
65.556613715,18
65.573324984,13
65.590036253,9
65.606747522,12
65.623458791,10
65.64017006,6
65.656881329,5
65.673592598,5
65.690303867,9
65.707015136,9
65.723726405,16
65.740437674,9
65.757148943,12
65.773860212,8
65.790571481,4
65.80728275,12
65.823994019,8
65.840705288,5
65.857416557,5
65.874127826,5
65.890839095,10
65.907550364,2
65.924261633,4
65.940972902,5
65.957684171,5
65.97439544,6
65.991106709,2
66.007817978,10
66.024529247,4
66.041240516,2
66.057951785,1
66.074663054,5
66.091374323,2
66.108085592,5
66.124796861,2
66.14150813,1
66.158219399,4
66.174930668,4
66.191641937,2
66.208353206,1
66.225064475,0
66.241775744,0
66.258487013,2
66.275198282,4
66.291909551,2
66.308620819,2
66.325332088,0
66.342043357,0
66.358754626,1
66.375465895,0
66.392177164,1
66.408888433,5
66.425599702,5
66.442310971,2
66.45902224,4
66.475733509,2
66.492444778,2
66.509156047,1
66.525867316,0
66.542578585,4
66.559289854,0
66.576001123,1
66.592712392,1
66.609423661,2
66.62613493,0
66.642846199,2
66.659557468,0
66.676268737,4
66.692980006,1
66.709691275,1
66.726402544,2
66.743113813,2
66.759825082,1
66.776536351,2
66.79324762,4
66.809958889,0
66.826670158,1
66.843381427,0
66.860092696,1
66.876803965,1
66.893515234,1
66.910226503,1
66.926937772,4
66.943649041,2
66.96036031,2
66.977071579,1
66.993782848,1
67.010494117,2
67.027205386,1
67.043916655,2
67.060627924,0
67.077339193,0
67.094050461,1
67.11076173,4
67.127472999,2
67.144184268,1
67.160895537,1
67.177606806,4
67.194318075,2
67.211029344,4
67.227740613,1
67.244451882,1
67.261163151,0
67.27787442,0
67.294585689,4
67.311296958,0
67.328008227,0
67.344719496,2
67.361430765,2
67.378142034,4
67.394853303,0
67.411564572,1
67.428275841,0
67.44498711,2
67.461698379,5
67.478409648,1
67.495120917,2
67.511832186,2
67.528543455,0
67.545254724,1
67.561965993,1
67.578677262,1
67.595388531,5
67.6120998,1
67.628811069,1
67.645522338,1
67.662233607,4
67.678944876,2
67.695656145,1
67.712367414,1
67.729078683,1
67.745789952,2
67.762501221,4
67.77921249,4
67.795923759,4
67.812635028,1
67.829346297,4
67.846057566,4
67.862768835,5
67.879480103,5
67.896191372,1
67.912902641,6
67.92961391,4
67.946325179,4
67.963036448,1
67.979747717,0
67.996458986,4
68.013170255,2
68.029881524,0
68.046592793,4
68.063304062,6
68.080015331,2
68.0967266,4
68.113437869,2
68.130149138,4
68.146860407,2
68.163571676,0
68.180282945,2
68.196994214,4
68.213705483,2
68.230416752,4
68.247128021,0
68.26383929,0
68.280550559,2
68.297261828,2
68.313973097,1
68.330684366,2
68.347395635,1
68.364106904,0
68.380818173,2
68.397529442,2
68.414240711,1
68.43095198,1
68.447663249,5
68.464374518,5
68.481085787,4
68.497797056,2
68.514508325,5
68.531219594,4
68.547930863,1
68.564642132,2
68.581353401,4
68.59806467,4
68.614775939,2
68.631487208,4
68.648198477,6
68.664909745,2
68.681621014,4
68.698332283,6
68.715043552,0
68.731754821,4
68.74846609,4
68.765177359,2
68.781888628,5
68.798599897,6
68.815311166,4
68.832022435,4
68.848733704,6
68.865444973,0
68.882156242,4
68.898867511,5
68.91557878,9
68.932290049,5
68.949001318,4
68.965712587,5
68.982423856,5
68.999135125,4
69.015846394,4
69.032557663,4
69.049268932,9
69.065980201,8
69.08269147,5
69.099402739,10
69.116114008,12
69.132825277,9
69.149536546,9
69.166247815,4
69.182959084,12
69.199670353,8
69.216381622,9
69.233092891,10
69.24980416,9
69.266515429,8
69.283226698,12
69.299937967,9
69.316649236,8
69.333360505,2
69.350071774,5
69.366783043,5
69.383494312,8
69.400205581,6
69.41691685,5
69.433628119,6
69.450339387,5
69.467050656,6
69.483761925,5
69.500473194,5
69.517184463,8
69.533895732,8
69.550607001,2
69.56731827,6
69.584029539,4
69.600740808,6
69.617452077,4
69.634163346,1
69.650874615,9
69.667585884,10
69.684297153,5
69.701008422,2
69.717719691,2
69.73443096,1
69.751142229,5
69.767853498,2
69.784564767,5
69.801276036,5
69.817987305,4
69.834698574,2
69.851409843,6
69.868121112,2
69.884832381,2
69.90154365,2
69.918254919,5
69.934966188,5
69.951677457,4
69.968388726,8
69.985099995,9
70.001811264,5
70.018522533,5
70.035233802,6
70.051945071,6
70.06865634,2
70.085367609,0
70.102078878,2
70.118790147,5
70.135501416,1
70.152212685,6
70.168923954,4
70.185635223,5
70.202346492,0
70.219057761,0
70.235769029,5
70.252480298,5
70.269191567,2
70.285902836,4
70.302614105,6
70.319325374,4
70.336036643,0
70.352747912,0
70.369459181,2
70.38617045,1
70.402881719,5
70.419592988,2
70.436304257,2
70.453015526,1
70.469726795,6
70.486438064,1
70.503149333,2
70.519860602,1
70.536571871,1
70.55328314,2
70.569994409,2
70.586705678,2
70.603416947,4
70.620128216,1
70.636839485,0
70.653550754,4
70.670262023,0
70.686973292,0
70.703684561,2
70.72039583,4
70.737107099,1
70.753818368,1
70.770529637,5
70.787240906,1
70.803952175,1
70.820663444,0
70.837374713,0
70.854085982,4
70.870797251,1
70.88750852,8
70.904219789,2
70.920931058,0
70.937642327,1
70.954353596,1
70.971064865,2
70.987776134,1
71.004487403,0
71.021198672,0
71.03790994,1
71.054621209,6
71.071332478,2
71.088043747,4
71.104755016,4
71.121466285,4
71.138177554,0
71.154888823,4
71.171600092,2
71.188311361,4
71.20502263,5
71.221733899,0
71.238445168,4
71.255156437,1
71.271867706,2
71.288578975,1
71.305290244,0
71.322001513,2
71.338712782,2
71.355424051,2
71.37213532,1
71.388846589,1
71.405557858,1
71.422269127,2
71.438980396,4
71.455691665,2
71.472402934,0
71.489114203,2
71.505825472,5
71.522536741,1
71.53924801,2
71.555959279,0
71.572670548,2
71.589381817,1
71.606093086,2
71.622804355,2
71.639515624,2
71.656226893,2
71.672938162,4
71.689649431,1
71.7063607,0
71.723071969,5
71.739783238,0
71.756494507,2
71.773205776,2
71.789917045,1
71.806628314,4
71.823339582,1
71.840050851,1
71.85676212,4
71.873473389,2
71.890184658,1
71.906895927,1
71.923607196,1
71.940318465,0
71.957029734,0
71.973741003,1
71.990452272,2
72.007163541,4
72.02387481,5
72.040586079,5
72.057297348,4
72.074008617,2
72.090719886,2
72.107431155,2
72.124142424,2
72.140853693,8
72.157564962,4
72.174276231,2
72.1909875,5
72.207698769,8
72.224410038,6
72.241121307,9
72.257832576,6
72.274543845,8
72.291255114,8
72.307966383,16
72.324677652,8
72.341388921,14
72.35810019,16
72.374811459,16
72.391522728,17
72.408233997,10
72.424945266,6
72.441656535,12
72.458367804,10
72.475079073,8
72.491790342,2
72.508501611,10
72.52521288,8
72.541924149,4
72.558635418,12
72.575346687,6
72.592057956,9
72.608769224,10
72.625480493,5
72.642191762,6
72.658903031,8
72.6756143,4
72.692325569,8
72.709036838,4
72.725748107,4
72.742459376,10
72.759170645,4
72.775881914,4
72.792593183,1
72.809304452,4
72.826015721,6
72.84272699,1
72.859438259,5
72.876149528,4
72.892860797,4
72.909572066,5
72.926283335,1
72.942994604,2
72.959705873,5
72.976417142,2
72.993128411,2
73.00983968,1
73.026550949,1
73.043262218,1
73.059973487,4
73.076684756,1
73.093396025,1
73.110107294,1
73.126818563,1
73.143529832,0
73.160241101,0
73.17695237,0
73.193663639,4
73.210374908,2
73.227086177,4
73.243797446,2
73.260508715,4
73.277219984,4
73.293931253,2
73.310642522,6
73.327353791,1
73.34406506,2
73.360776329,0
73.377487598,5
73.394198866,2
73.410910135,4
73.427621404,4
73.444332673,5
73.461043942,2
73.477755211,4
73.49446648,2
73.511177749,6
73.527889018,5
73.544600287,0
73.561311556,1
73.578022825,4
73.594734094,4
73.611445363,2
73.628156632,1
73.644867901,4
73.66157917,1
73.678290439,5
73.695001708,10
73.711712977,1
73.728424246,8
73.745135515,4
73.761846784,9
73.778558053,1
73.795269322,4
73.811980591,2
73.82869186,4
73.845403129,1
73.862114398,1
73.878825667,10
73.895536936,5
73.912248205,6
73.928959474,0
73.945670743,6
73.962382012,2
73.979093281,2
73.99580455,5
74.012515819,9
74.029227088,5
74.045938357,2
74.062649626,2
74.079360895,5
74.096072164,10
74.112783433,8
74.129494702,10
74.146205971,9
74.16291724,9
74.179628508,14
74.196339777,6
74.213051046,13
74.229762315,16
74.246473584,13
74.263184853,5
74.279896122,12
74.296607391,13
74.31331866,6
74.330029929,14
74.346741198,10
74.363452467,10
74.380163736,10
74.396875005,25
74.413586274,13
74.430297543,13
74.447008812,20
74.463720081,21
74.48043135,16
74.497142619,8
74.513853888,8
74.530565157,13
74.547276426,20
74.563987695,13
74.580698964,10
74.597410233,12
74.614121502,12
74.630832771,10
74.64754404,14
74.664255309,14
74.680966578,10
74.697677847,22
74.714389116,9
74.731100385,13
74.747811654,12
74.764522923,4
74.781234192,13
74.797945461,14
74.81465673,10
74.831367999,8
74.848079268,8
74.864790537,5
74.881501806,6
74.898213075,6
74.914924344,8
74.931635613,2
74.948346882,6
74.96505815,8
74.981769419,2
74.998480688,2
75.015191957,5
75.031903226,5
75.048614495,5
75.065325764,5
75.082037033,4
75.098748302,2
75.115459571,4
75.13217084,1
75.148882109,5
75.165593378,12
75.182304647,2
75.199015916,4
75.215727185,4
75.232438454,4
75.249149723,5
75.265860992,4
75.282572261,1
75.29928353,0
75.315994799,1
75.332706068,2
75.349417337,2
75.366128606,4
75.382839875,0
75.399551144,0
75.416262413,4
75.432973682,2
75.449684951,2
75.46639622,2
75.483107489,2
75.499818758,5
75.516530027,4
75.533241296,4
75.549952565,1
75.566663834,4
75.583375103,2
75.600086372,4
75.616797641,1
75.63350891,2
75.650220179,1
75.666931448,1
75.683642717,0
75.700353986,0
75.717065255,1
75.733776524,2
75.750487792,4
75.767199061,2
75.78391033,2
75.800621599,0
75.817332868,4
75.834044137,1
75.850755406,1
75.867466675,4
75.884177944,2
75.900889213,4
75.917600482,2
75.934311751,1
75.95102302,1
75.967734289,1
75.984445558,4
76.001156827,1
76.017868096,1
76.034579365,1
76.051290634,2
76.068001903,2
76.084713172,2
76.101424441,4
76.11813571,2
76.134846979,2
76.151558248,0
76.168269517,4
76.184980786,0
76.201692055,1
76.218403324,0
76.235114593,1
76.251825862,2
76.268537131,1
76.2852484,1
76.301959669,0
76.318670938,2
76.335382207,2
76.352093476,1
76.368804745,2
76.385516014,4
76.402227283,2
76.418938552,4
76.435649821,1
76.45236109,2
76.469072359,2
76.485783628,0
76.502494897,2
76.519206166,5
76.535917434,6
76.552628703,4
76.569339972,4
76.586051241,1
76.60276251,2
76.619473779,2
76.636185048,6
76.652896317,6
76.669607586,6
76.686318855,4
76.703030124,6
76.719741393,1
76.736452662,4
76.753163931,1
76.7698752,8
76.786586469,5
76.803297738,9
76.820009007,2
76.836720276,2
76.853431545,0
76.870142814,4
76.886854083,1
76.903565352,5
76.920276621,4
76.93698789,4
76.953699159,4
76.970410428,1
76.987121697,2
77.003832966,4
77.020544235,4
77.037255504,2
77.053966773,0
77.070678042,5
77.087389311,2
77.10410058,5
77.120811849,2
77.137523118,5
77.154234387,4
77.170945656,1
77.187656925,4
77.204368194,0
77.221079463,1
77.237790732,8
77.254502001,1
77.27121327,1
77.287924539,2
77.304635808,0
77.321347076,0
77.338058345,2
77.354769614,4
77.371480883,5
77.388192152,2
77.404903421,0
77.42161469,1
77.438325959,0
77.455037228,1
77.471748497,4
77.488459766,5
77.505171035,1
77.521882304,0
77.538593573,1
77.555304842,2
77.572016111,5
77.58872738,2
77.605438649,0
77.622149918,1
77.638861187,2
77.655572456,1
77.672283725,0
77.688994994,5
77.705706263,6
77.722417532,4
77.739128801,0
77.75584007,1
77.772551339,1
77.789262608,0
77.805973877,4
77.822685146,5
77.839396415,0
77.856107684,1
77.872818953,2
77.889530222,0
77.906241491,1
77.92295276,0
77.939664029,2
77.956375298,1
77.973086567,2
77.989797836,1
78.006509105,2
78.023220374,1
78.039931643,4
78.056642912,0
78.073354181,2
78.09006545,5
78.106776719,4
78.123487987,4
78.140199256,2
78.156910525,0
78.173621794,1
78.190333063,1
78.207044332,2
78.223755601,1
78.24046687,1
78.257178139,6
78.273889408,4
78.290600677,4
78.307311946,2
78.324023215,1
78.340734484,6
78.357445753,4
78.374157022,4
78.390868291,2
78.40757956,2
78.424290829,5
78.441002098,1
78.457713367,4
78.474424636,2
78.491135905,9
78.507847174,12
78.524558443,5
78.541269712,5
78.557980981,1
78.57469225,6
78.591403519,4
78.608114788,5
78.624826057,2
78.641537326,4
78.658248595,4
78.674959864,5
78.691671133,5
78.708382402,6
78.725093671,8
78.74180494,8
78.758516209,2
78.775227478,6
78.791938747,2
78.808650016,4
78.825361285,8
78.842072554,2
78.858783823,5
78.875495092,1
78.892206361,5
78.908917629,4
78.925628898,1
78.942340167,1
78.959051436,1
78.975762705,2
78.992473974,4
79.009185243,4
79.025896512,2
79.042607781,4
79.05931905,2
79.076030319,6
79.092741588,1
79.109452857,1
79.126164126,1
79.142875395,1
79.159586664,4
79.176297933,1
79.193009202,1
79.209720471,0
79.22643174,6
79.243143009,2
79.259854278,2
79.276565547,2
79.293276816,0
79.309988085,0
79.326699354,1
79.343410623,0
79.360121892,4
79.376833161,0
79.39354443,4
79.410255699,4
79.426966968,2
79.443678237,1
79.460389506,1
79.477100775,1
79.493812044,1
79.510523313,2
79.527234582,2
79.543945851,2
79.56065712,2
79.577368389,1
79.594079658,6
79.610790927,1
79.627502196,2
79.644213465,1
79.660924734,4
79.677636003,4
79.694347271,1
79.71105854,1
79.727769809,2
79.744481078,2
79.761192347,0
79.777903616,1
79.794614885,0
79.811326154,1
79.828037423,2
79.844748692,2
79.861459961,0
79.87817123,1
79.894882499,1
79.911593768,1
79.928305037,2
79.945016306,1
79.961727575,2
79.978438844,6
79.995150113,1
80.011861382,2
80.028572651,0
80.04528392,2
80.061995189,1
80.078706458,2
80.095417727,1
80.112128996,4
80.128840265,1
80.145551534,2
80.162262803,0
80.178974072,1
80.195685341,1
80.21239661,1
80.229107879,1
80.245819148,0
80.262530417,1
80.279241686,1
80.295952955,1
80.312664224,0
80.329375493,4
80.346086762,1
80.362798031,1
80.3795093,4
80.396220569,1
80.412931838,5
80.429643107,2
80.446354376,0
80.463065645,4
80.479776913,4
80.496488182,2
80.513199451,2
80.52991072,1
80.546621989,1
80.563333258,0
80.580044527,6
80.596755796,2
80.613467065,2
80.630178334,0
80.646889603,1
80.663600872,2
80.680312141,0
80.69702341,2
80.713734679,2
80.730445948,1
80.747157217,2
80.763868486,1
80.780579755,1
80.797291024,2
80.814002293,1
80.830713562,1
80.847424831,2
80.8641361,2
80.880847369,0
80.897558638,1
80.914269907,2
80.930981176,1
80.947692445,0
80.964403714,0
80.981114983,6
80.997826252,1
81.014537521,2
81.03124879,0
81.047960059,0
81.064671328,1
81.081382597,1
81.098093866,4
81.114805135,4
81.131516404,2
81.148227673,0
81.164938942,1
81.181650211,2
81.19836148,4
81.215072749,4
81.231784018,2
81.248495287,2
81.265206555,2
81.281917824,2
81.298629093,1
81.315340362,0
81.332051631,2
81.3487629,4
81.365474169,4
81.382185438,1
81.398896707,4
81.415607976,2
81.432319245,4
81.449030514,0
81.465741783,2
81.482453052,1
81.499164321,4
81.51587559,2
81.532586859,5
81.549298128,5
81.566009397,4
81.582720666,0
81.599431935,6
81.616143204,2
81.632854473,4
81.649565742,4
81.666277011,2
81.68298828,4
81.699699549,2
81.716410818,1
81.733122087,5
81.749833356,8
81.766544625,4
81.783255894,4
81.799967163,1
81.816678432,9
81.833389701,4
81.85010097,5
81.866812239,5
81.883523508,6
81.900234777,2
81.916946046,6
81.933657315,2
81.950368584,9
81.967079853,4
81.983791122,8
82.000502391,1
82.01721366,5
82.033924929,8
82.050636197,6
82.067347466,9
82.084058735,4
82.100770004,8
82.117481273,6
82.134192542,5
82.150903811,10
82.16761508,0
82.184326349,5
82.201037618,4
82.217748887,6
82.234460156,16
82.251171425,8
82.267882694,5
82.284593963,9
82.301305232,8
82.318016501,8
82.33472777,10
82.351439039,6
82.368150308,9
82.384861577,8
82.401572846,10
82.418284115,12
82.434995384,5
82.451706653,5
82.468417922,16
82.485129191,2
82.50184046,4
82.518551729,9
82.535262998,4
82.551974267,4
82.568685536,6
82.585396805,8
82.602108074,1
82.618819343,6
82.635530612,4
82.652241881,8
82.66895315,4
82.685664419,2
82.702375688,4
82.719086957,4
82.735798226,4
82.752509495,1
82.769220764,1
82.785932033,6
82.802643302,1
82.819354571,4
82.836065839,2
82.852777108,1
82.869488377,4
82.886199646,4
82.902910915,5
82.919622184,0
82.936333453,5
82.953044722,6
82.969755991,0
82.98646726,2
83.003178529,0
83.019889798,2
83.036601067,2
83.053312336,0
83.070023605,6
83.086734874,4
83.103446143,2
83.120157412,2
83.136868681,1
83.15357995,2
83.170291219,6
83.187002488,2
83.203713757,5
83.220425026,4
83.237136295,1
83.253847564,4
83.270558833,2
83.287270102,4
83.303981371,0
83.32069264,1
83.337403909,1
83.354115178,2
83.370826447,1
83.387537716,2
83.404248985,1
83.420960254,2
83.437671523,2
83.454382792,4
83.471094061,4
83.48780533,0
83.504516599,2
83.521227868,2
83.537939137,2
83.554650406,1
83.571361675,4
83.588072944,4
83.604784213,0
83.621495481,0
83.63820675,4
83.654918019,5
83.671629288,1
83.688340557,5
83.705051826,4
83.721763095,1
83.738474364,1
83.755185633,1
83.771896902,1
83.788608171,0
83.80531944,2
83.822030709,1
83.838741978,4
83.855453247,2
83.872164516,1
83.888875785,0
83.905587054,6
83.922298323,2
83.939009592,2
83.955720861,2
83.97243213,1
83.989143399,2
84.005854668,0
84.022565937,1
84.039277206,1
84.055988475,1
84.072699744,4
84.089411013,4
84.106122282,1
84.122833551,2
84.13954482,2
84.156256089,2
84.172967358,1
84.189678627,2
84.206389896,2
84.223101165,2
84.239812434,1
84.256523703,1
84.273234972,5
84.289946241,4
84.30665751,4
84.323368779,0
84.340080048,1
84.356791317,1
84.373502586,2
84.390213855,0
84.406925123,1
84.423636392,1
84.440347661,0
84.45705893,2
84.473770199,2
84.490481468,2
84.507192737,4
84.523904006,0
84.540615275,0
84.557326544,1
84.574037813,1
84.590749082,2
84.607460351,1
84.62417162,2
84.640882889,0
84.657594158,2
84.674305427,4
84.691016696,4
84.707727965,1
84.724439234,4
84.741150503,2
84.757861772,4
84.774573041,2
84.79128431,6
84.807995579,1
84.824706848,1
84.841418117,0
84.858129386,2
84.874840655,4
84.891551924,2
84.908263193,2
84.924974462,0
84.941685731,5
84.958397,10
84.975108269,5
84.991819538,1
85.008530807,1
85.025242076,2
85.041953345,5
85.058664614,2
85.075375883,1
85.092087152,4
85.108798421,2
85.12550969,8
85.142220959,4
85.158932228,2
85.175643497,12
85.192354766,5
85.209066034,8
85.225777303,4
85.242488572,6
85.259199841,4
85.27591111,6
85.292622379,5
85.309333648,2
85.326044917,2
85.342756186,6
85.359467455,0
85.376178724,0
85.392889993,5
85.409601262,6
85.426312531,9
85.4430238,4
85.459735069,2
85.476446338,5
85.493157607,6
85.509868876,4
85.526580145,2
85.543291414,6
85.560002683,0
85.576713952,2
85.593425221,6
85.61013649,0
85.626847759,2
85.643559028,2
85.660270297,6
85.676981566,5
85.693692835,1
85.710404104,6
85.727115373,2
85.743826642,0
85.760537911,4
85.77724918,2
85.793960449,0
85.810671718,5
85.827382987,2
85.844094256,1
85.860805525,4
85.877516794,1
85.894228063,0
85.910939332,2
85.927650601,1
85.94436187,2
85.961073139,2
85.977784408,5
85.994495676,2
86.011206945,1
86.027918214,2
86.044629483,4
86.061340752,2
86.078052021,1
86.09476329,1
86.111474559,6
86.128185828,4
86.144897097,4
86.161608366,1
86.178319635,0
86.195030904,1
86.211742173,5
86.228453442,4
86.245164711,10
86.26187598,4
86.278587249,6
86.295298518,2
86.312009787,5
86.328721056,4
86.345432325,6
86.362143594,5
86.378854863,1
86.395566132,1
86.412277401,4
86.42898867,2
86.445699939,6
86.462411208,0
86.479122477,4
86.495833746,5
86.512545015,6
86.529256284,1
86.545967553,0
86.562678822,2
86.579390091,2
86.59610136,2
86.612812629,1
86.629523898,4
86.646235167,1
86.662946436,1
86.679657705,4
86.696368974,5
86.713080243,1
86.729791512,1
86.746502781,4
86.76321405,0
86.779925318,4
86.796636587,2
86.813347856,4
86.830059125,0
86.846770394,1
86.863481663,4
86.880192932,4
86.896904201,1
86.91361547,6
86.930326739,5
86.947038008,4
86.963749277,2
86.980460546,1
86.997171815,1
87.013883084,6
87.030594353,2
87.047305622,1
87.064016891,2
87.08072816,0
87.097439429,1
87.114150698,0
87.130861967,1
87.147573236,0
87.164284505,1
87.180995774,5
87.197707043,1
87.214418312,4
87.231129581,1
87.24784085,5
87.264552119,5
87.281263388,0
87.297974657,4
87.314685926,0
87.331397195,0
87.348108464,4
87.364819733,2
87.381531002,1
87.398242271,4
87.41495354,4
87.431664809,4
87.448376078,4
87.465087347,1
87.481798616,2
87.498509885,4
87.515221154,2
87.531932423,5
87.548643692,4
87.56535496,4
87.582066229,2
87.598777498,4
87.615488767,5
87.632200036,4
87.648911305,6
87.665622574,0
87.682333843,2
87.699045112,2
87.715756381,5
87.73246765,1
87.749178919,0
87.765890188,1
87.782601457,2
87.799312726,6
87.816023995,2
87.832735264,2
87.849446533,4
87.866157802,6
87.882869071,0
87.89958034,2
87.916291609,1
87.933002878,6
87.949714147,2
87.966425416,2
87.983136685,2
87.999847954,0
88.016559223,2
88.033270492,2
88.049981761,6
88.06669303,1
88.083404299,1
88.100115568,1
88.116826837,1
88.133538106,9
88.150249375,1
88.166960644,0
88.183671913,2
88.200383182,4
88.217094451,0
88.23380572,1
88.250516989,2
88.267228258,1
88.283939527,1
88.300650796,1
88.317362065,4
88.334073334,4
88.350784602,2
88.367495871,2
88.38420714,1
88.400918409,5
88.417629678,4
88.434340947,2
88.451052216,1
88.467763485,1
88.484474754,5
88.501186023,4
88.517897292,1
88.534608561,1
88.55131983,4
88.568031099,4
88.584742368,2
88.601453637,2
88.618164906,1
88.634876175,1
88.651587444,1
88.668298713,1
88.685009982,2
88.701721251,2
88.71843252,2
88.735143789,5
88.751855058,2
88.768566327,5
88.785277596,1
88.801988865,1
88.818700134,9
88.835411403,1
88.852122672,2
88.868833941,4
88.88554521,5
88.902256479,2
88.918967748,1
88.935679017,5
88.952390286,4
88.969101555,5
88.985812824,2
89.002524093,2
89.019235362,12
89.035946631,1
89.0526579,4
89.069369169,2
89.086080438,1
89.102791707,5
89.119502976,4
89.136214244,4
89.152925513,4
89.169636782,5
89.186348051,6
89.20305932,6
89.219770589,8
89.236481858,5
89.253193127,6
89.269904396,10
89.286615665,12
89.303326934,9
89.320038203,13
89.336749472,6
89.353460741,16
89.37017201,9
89.386883279,17
89.403594548,18
89.420305817,10
89.437017086,9
89.453728355,13
89.470439624,12
89.487150893,10
89.503862162,8
89.520573431,10
89.5372847,6
89.553995969,10
89.570707238,12
89.587418507,12
89.604129776,8
89.620841045,6
89.637552314,18
89.654263583,13
89.670974852,5
89.687686121,14
89.70439739,2
89.721108659,8
89.737819928,4
89.754531197,6
89.771242466,9
89.787953735,13
89.804665004,16
89.821376273,10
89.838087542,6
89.854798811,13
89.87151008,13
89.888221349,5
89.904932618,6
89.921643886,10
89.938355155,6
89.955066424,6
89.971777693,10
89.988488962,6
90.005200231,10
90.0219115,1
90.038622769,8
90.055334038,5
90.072045307,1
90.088756576,4
90.105467845,8
90.122179114,2
90.138890383,6
90.155601652,5
90.172312921,8
90.18902419,8
90.205735459,10
90.222446728,4
90.239157997,10
90.255869266,8
90.272580535,8
90.289291804,9
90.306003073,12
90.322714342,12
90.339425611,9
90.35613688,4
90.372848149,5
90.389559418,2
90.406270687,10
90.422981956,12
90.439693225,13
90.456404494,10
90.473115763,8
90.489827032,13
90.506538301,14
90.52324957,9
90.539960839,2
90.556672108,6
90.573383377,10
90.590094646,18
90.606805915,14
90.623517184,5
90.640228453,9
90.656939722,13
90.673650991,14
90.69036226,17
90.707073528,8
90.723784797,4
90.740496066,8
90.757207335,5
90.773918604,5
90.790629873,16
90.807341142,9
90.824052411,10
90.84076368,8
90.857474949,5
90.874186218,10
90.890897487,16
90.907608756,10
90.924320025,13
90.941031294,5
90.957742563,10
90.974453832,17
90.991165101,12
91.00787637,8
91.024587639,8
91.041298908,12
91.058010177,16
91.074721446,10
91.091432715,5
91.108143984,9
91.124855253,13
91.141566522,14
91.158277791,8
91.17498906,13
91.191700329,4
91.208411598,9
91.225122867,13
91.241834136,9
91.258545405,6
91.275256674,10
91.291967943,5
91.308679212,10
91.325390481,13
91.34210175,6
91.358813019,14
91.375524288,10
91.392235557,10
91.408946826,16
91.425658095,9
91.442369364,4
91.459080633,14
91.475791902,14
91.49250317,8
91.509214439,10
91.525925708,9
91.542636977,10
91.559348246,5
91.576059515,2
91.592770784,14
91.609482053,6
91.626193322,14
91.642904591,9
91.65961586,6
91.676327129,4
91.693038398,13
91.709749667,9
91.726460936,6
91.743172205,6
91.759883474,5
91.776594743,1
91.793306012,9
91.810017281,2
91.82672855,9
91.843439819,5
91.860151088,5
91.876862357,2
91.893573626,4
91.910284895,4
91.926996164,2
91.943707433,1
91.960418702,1
91.977129971,5
91.99384124,5
92.010552509,1
92.027263778,4
92.043975047,5
92.060686316,5
92.077397585,9
92.094108854,6
92.110820123,8
92.127531392,0
92.144242661,2
92.16095393,0
92.177665199,2
92.194376468,1
92.211087737,2
92.227799006,4
92.244510275,1
92.261221544,1
92.277932813,1
92.294644081,4
92.31135535,2
92.328066619,4
92.344777888,4
92.361489157,1
92.378200426,1
92.394911695,2
92.411622964,2
92.428334233,1
92.445045502,4
92.461756771,2
92.47846804,0
92.495179309,4
92.511890578,4
92.528601847,0
92.545313116,1
92.562024385,1
92.578735654,4
92.595446923,6
92.612158192,2
92.628869461,1
92.64558073,0
92.662291999,4
92.679003268,1
92.695714537,1
92.712425806,4
92.729137075,1
92.745848344,2
92.762559613,0
92.779270882,1
92.795982151,4
92.81269342,1
92.829404689,4
92.846115958,5
92.862827227,2
92.879538496,6
92.896249765,0
92.912961034,2
92.929672303,4
92.946383572,4
92.963094841,1
92.97980611,1
92.996517379,4
93.013228648,6
93.029939917,4
93.046651186,5
93.063362455,0
93.080073723,1
93.096784992,0
93.113496261,2
93.13020753,4
93.146918799,4
93.163630068,1
93.180341337,2
93.197052606,1
93.213763875,4
93.230475144,1
93.247186413,1
93.263897682,1
93.280608951,0
93.29732022,4
93.314031489,2
93.330742758,4
93.347454027,2
93.364165296,4
93.380876565,5
93.397587834,2
93.414299103,5
93.431010372,4
93.447721641,2
93.46443291,2
93.481144179,0
93.497855448,1
93.514566717,4
93.531277986,2
93.547989255,0
93.564700524,1
93.581411793,1
93.598123062,1
93.614834331,2
93.6315456,2
93.648256869,4
93.664968138,0
93.681679407,1
93.698390676,2
93.715101945,2
93.731813214,4
93.748524483,4
93.765235752,1
93.781947021,2
93.79865829,4
93.815369559,6
93.832080828,9
93.848792097,1
93.865503365,2
93.882214634,2
93.898925903,4
93.915637172,0
93.932348441,0
93.94905971,4
93.965770979,5
93.982482248,4
93.999193517,2
94.015904786,2
94.032616055,0
94.049327324,0
94.066038593,5
94.082749862,2
94.099461131,0
94.1161724,1
94.132883669,1
94.149594938,4
94.166306207,2
94.183017476,5
94.199728745,4
94.216440014,4
94.233151283,1
94.249862552,6
94.266573821,1
94.28328509,2
94.299996359,1
94.316707628,2
94.333418897,1
94.350130166,2
94.366841435,0
94.383552704,5
94.400263973,1
94.416975242,5
94.433686511,2
94.45039778,0
94.467109049,1
94.483820318,1
94.500531587,1
94.517242856,0
94.533954125,2
94.550665394,4
94.567376663,1
94.584087932,2
94.600799201,2
94.61751047,0
94.634221739,1
94.650933007,2
94.667644276,4
94.684355545,4
94.701066814,1
94.717778083,2
94.734489352,4
94.751200621,0
94.76791189,1
94.784623159,1
94.801334428,2
94.818045697,1
94.834756966,2
94.851468235,2
94.868179504,0
94.884890773,2
94.901602042,4
94.918313311,2
94.93502458,0
94.951735849,1
94.968447118,1
94.985158387,1
95.001869656,1
95.018580925,1
95.035292194,4
95.052003463,5
95.068714732,2
95.085426001,1
95.10213727,0
95.118848539,2
95.135559808,2
95.152271077,4
95.168982346,1
95.185693615,2
95.202404884,1
95.219116153,2
95.235827422,4
95.252538691,0
95.26924996,2
95.285961229,2
95.302672498,4
95.319383767,4
95.336095036,2
95.352806305,1
95.369517574,1
95.386228843,0
95.402940112,2
95.419651381,4
95.436362649,2
95.453073918,0
95.469785187,4
95.486496456,5
95.503207725,0
95.519918994,1
95.536630263,5
95.553341532,4
95.570052801,0
95.58676407,1
95.603475339,2
95.620186608,4
95.636897877,0
95.653609146,2
95.670320415,0
95.687031684,1
95.703742953,1
95.720454222,1
95.737165491,2
95.75387676,1
95.770588029,4
95.787299298,1
95.804010567,4
95.820721836,4
95.837433105,1
95.854144374,1
95.870855643,0
95.887566912,2
95.904278181,0
95.92098945,2
95.937700719,1
95.954411988,1
95.971123257,5
95.987834526,0
96.004545795,9
96.021257064,2
96.037968333,1
96.054679602,0
96.071390871,4
96.08810214,0
96.104813409,1
96.121524678,4
96.138235947,2
96.154947216,1
96.171658485,0
96.188369754,2
96.205081023,1
96.221792291,2
96.23850356,0
96.255214829,4
96.271926098,8
96.288637367,5
96.305348636,4
96.322059905,8
96.338771174,2
96.355482443,1
96.372193712,4
96.388904981,1
96.40561625,4
96.422327519,1
96.439038788,1
96.455750057,2
96.472461326,4
96.489172595,1
96.505883864,1
96.522595133,2
96.539306402,4
96.556017671,1
96.57272894,1
96.589440209,1
96.606151478,0
96.622862747,4
96.639574016,2
96.656285285,0
96.672996554,2
96.689707823,1
96.706419092,1
96.723130361,4
96.73984163,1
96.756552899,0
96.773264168,4
96.789975437,2
96.806686706,4
96.823397975,2
96.840109244,1
96.856820513,5
96.873531782,1
96.890243051,1
96.90695432,0
96.923665589,0
96.940376858,4
96.957088127,2
96.973799396,1
96.990510665,5
97.007221933,1
97.023933202,1
97.040644471,0
97.05735574,0
97.074067009,0
97.090778278,1
97.107489547,4
97.124200816,8
97.140912085,1
97.157623354,0
97.174334623,1
97.191045892,2
97.207757161,2
97.22446843,2
97.241179699,2
97.257890968,0
97.274602237,0
97.291313506,2
97.308024775,4
97.324736044,6
97.341447313,0
97.358158582,2
97.374869851,8
97.39158112,4
97.408292389,2
97.425003658,2
97.441714927,8
97.458426196,0
97.475137465,2
97.491848734,0
97.508560003,2
97.525271272,4
97.541982541,2
97.55869381,4
97.575405079,2
97.592116348,2
97.608827617,2
97.625538886,5
97.642250155,1
97.658961424,4
97.675672693,4
97.692383962,4
97.709095231,5
97.7258065,1
97.742517769,2
97.759229038,0
97.775940307,1
97.792651575,4
97.809362844,1
97.826074113,1
97.842785382,1
97.859496651,1
97.87620792,1
97.892919189,5
97.909630458,2
97.926341727,1
97.943052996,0
97.959764265,1
97.976475534,0
97.993186803,4
98.009898072,4
98.026609341,1
98.04332061,2
98.060031879,2
98.076743148,4
98.093454417,5
98.110165686,1
98.126876955,0
98.143588224,4
98.160299493,5
98.177010762,5
98.193722031,2
98.2104333,1
98.227144569,2
98.243855838,4
98.260567107,2
98.277278376,2
98.293989645,1
98.310700914,2
98.327412183,1
98.344123452,6
98.360834721,2
98.37754599,2
98.394257259,2
98.410968528,2
98.427679797,1
98.444391066,0
98.461102335,1
98.477813604,2
98.494524873,2
98.511236142,1
98.527947411,5
98.54465868,5
98.561369949,4
98.578081217,6
98.594792486,6
98.611503755,2
98.628215024,0
98.644926293,1
98.661637562,2
98.678348831,4
98.6950601,4
98.711771369,2
98.728482638,4
98.745193907,2
98.761905176,4
98.778616445,4
98.795327714,6
98.812038983,2
98.828750252,0
98.845461521,4
98.86217279,5
98.878884059,1
98.895595328,4
98.912306597,2
98.929017866,4
98.945729135,4
98.962440404,4
98.979151673,4
98.995862942,1
99.012574211,4
99.02928548,2
99.045996749,1
99.062708018,2
99.079419287,5
99.096130556,4
99.112841825,4
99.129553094,4
99.146264363,0
99.162975632,4
99.179686901,2
99.19639817,6
99.213109439,1
99.229820708,2
99.246531977,4
99.263243246,1
99.279954515,4
99.296665784,2
99.313377053,0
99.330088322,0
99.346799591,2
99.36351086,4
99.380222128,2
99.396933397,2
99.413644666,1
99.430355935,1
99.447067204,0
99.463778473,2
99.480489742,1
99.497201011,4
99.51391228,5
99.530623549,4
99.547334818,2
99.564046087,4
99.580757356,2
99.597468625,4
99.614179894,5
99.630891163,4
99.647602432,4
99.664313701,5
99.68102497,5
99.697736239,9
99.714447508,4
99.731158777,1
99.747870046,8
99.764581315,8
99.781292584,5
99.798003853,4
99.814715122,4
99.831426391,8
99.84813766,0
99.864848929,1
99.881560198,5
99.898271467,5
99.914982736,2
99.931694005,0
99.948405274,2
99.965116543,6
99.981827812,0
99.998539081,4
100.01525035,4
100.031961619,4
100.048672888,4
100.065384157,4
100.082095426,6
100.098806695,5
100.115517964,5
100.132229233,5
100.148940502,4
100.16565177,4
100.182363039,4
100.199074308,9
100.215785577,1
100.232496846,4
100.249208115,2
100.265919384,1
100.282630653,6
100.299341922,4
100.316053191,2
100.33276446,9
100.349475729,6
100.366186998,9
100.382898267,5
100.399609536,2
100.416320805,1
100.433032074,4
100.449743343,6
100.466454612,6
100.483165881,8
100.49987715,8
100.516588419,8
100.533299688,8
100.550010957,10
100.566722226,6
100.583433495,4
100.600144764,2
100.616856033,5
100.633567302,2
100.650278571,8
100.66698984,4
100.683701109,5
100.700412378,2
100.717123647,5
100.733834916,5
100.750546185,2
100.767257454,4
100.783968723,2
100.800679992,5
100.817391261,1
100.83410253,4
100.850813799,5
100.867525068,6
100.884236337,2
100.900947606,8
100.917658875,5
100.934370144,8
100.951081412,1
100.967792681,4
100.98450395,2
101.001215219,2
101.017926488,5
101.034637757,1
101.051349026,2
101.068060295,4
101.084771564,2
101.101482833,4
101.118194102,2
101.134905371,1
101.15161664,0
101.168327909,6
101.185039178,1
101.201750447,4
101.218461716,2
101.235172985,0
101.251884254,0
101.268595523,1
101.285306792,4
101.302018061,5
101.31872933,4
101.335440599,5
101.352151868,6
101.368863137,8
101.385574406,2
101.402285675,0
101.418996944,5
101.435708213,1
101.452419482,1
101.469130751,2
101.48584202,4
101.502553289,5
101.519264558,5
101.535975827,4
101.552687096,2
101.569398365,4
101.586109634,2
101.602820903,5
101.619532172,8
101.636243441,5
101.65295471,1
101.669665979,2
101.686377248,4
101.703088517,4
101.719799786,5
101.736511054,4
101.753222323,5
101.769933592,8
101.786644861,4
101.80335613,2
101.820067399,1
101.836778668,1
101.853489937,4
101.870201206,6
101.886912475,5
101.903623744,1
101.920335013,6
101.937046282,5
101.953757551,1
101.97046882,2
101.987180089,1
102.003891358,2
102.020602627,2
102.037313896,8
102.054025165,8
102.070736434,0
102.087447703,2
102.104158972,2
102.120870241,5
102.13758151,4
102.154292779,4
102.171004048,4
102.187715317,5
102.204426586,4
102.221137855,9
102.237849124,1
102.254560393,4
102.271271662,4
102.287982931,4
102.3046942,5
102.321405469,4
102.338116738,6
102.354828007,4
102.371539276,2
102.388250545,2
102.404961814,4
102.421673083,4
102.438384352,4
102.455095621,0
102.47180689,2
102.488518159,0
102.505229428,8
102.521940696,6
102.538651965,5
102.555363234,10
102.572074503,2
102.588785772,4
102.605497041,5
102.62220831,6
102.638919579,4
102.655630848,9
102.672342117,1
102.689053386,2
102.705764655,4
102.722475924,2
102.739187193,6
102.755898462,2
102.772609731,1
102.789321,2
102.806032269,0
102.822743538,9
102.839454807,2
102.856166076,6
102.872877345,2
102.889588614,4
102.906299883,1
102.923011152,5
102.939722421,1
102.95643369,5
102.973144959,4
102.989856228,1
103.006567497,1
103.023278766,2
103.039990035,2
103.056701304,8
103.073412573,2
103.090123842,2
103.106835111,1
103.12354638,4
103.140257649,1
103.156968918,6
103.173680187,8
103.190391456,2
103.207102725,1
103.223813994,6
103.240525263,0
103.257236532,5
103.273947801,6
103.29065907,5
103.307370338,1
103.324081607,6
103.340792876,6
103.357504145,2
103.374215414,2
103.390926683,5
103.407637952,4
103.424349221,4
103.44106049,9
103.457771759,0
103.474483028,2
103.491194297,6
103.507905566,4
103.524616835,1
103.541328104,4
103.558039373,5
103.574750642,1
103.591461911,8
103.60817318,5
103.624884449,4
103.641595718,2
103.658306987,8
103.675018256,1
103.691729525,5
103.708440794,1
103.725152063,0
103.741863332,0
103.758574601,2
103.77528587,4
103.791997139,4
103.808708408,4
103.825419677,4
103.842130946,4
103.858842215,5
103.875553484,2
103.892264753,6
103.908976022,5
103.925687291,4
103.94239856,4
103.959109829,4
103.975821098,2
103.992532367,6
104.009243636,0
104.025954905,2
104.042666174,2
104.059377443,2
104.076088712,1
104.09279998,5
104.109511249,4
104.126222518,4
104.142933787,4
104.159645056,4
104.176356325,5
104.193067594,2
104.209778863,1
104.226490132,2
104.243201401,5
104.25991267,4
104.276623939,1
104.293335208,5
104.310046477,5
104.326757746,1
104.343469015,6
104.360180284,2
104.376891553,2
104.393602822,5
104.410314091,8
104.42702536,0
104.443736629,1
104.460447898,9
104.477159167,6
104.493870436,6
104.510581705,1
104.527292974,8
104.544004243,5
104.560715512,4
104.577426781,2
104.59413805,5
104.610849319,4
104.627560588,5
104.644271857,5
104.660983126,2
104.677694395,8
104.694405664,5
104.711116933,12
104.727828202,8
104.744539471,8
104.76125074,6
104.777962009,1
104.794673278,8
104.811384547,4
104.828095816,4
104.844807085,1
104.861518354,5
104.878229622,4
104.894940891,12
104.91165216,10
104.928363429,5
104.945074698,9
104.961785967,6
104.978497236,9
104.995208505,4
105.011919774,9
105.028631043,2
105.045342312,1
105.062053581,6
105.07876485,0
105.095476119,5
105.112187388,5
105.128898657,5
105.145609926,4
105.162321195,4
105.179032464,6
105.195743733,4
105.212455002,4
105.229166271,2
105.24587754,2
105.262588809,8
105.279300078,5
105.296011347,4
105.312722616,4
105.329433885,4
105.346145154,9
105.362856423,5
105.379567692,6
105.396278961,5
105.41299023,6
105.429701499,2
105.446412768,2
105.463124037,2
105.479835306,2
105.496546575,9
105.513257844,0
105.529969113,5
105.546680382,1
105.563391651,2
105.58010292,2
105.596814189,1
105.613525458,5
105.630236727,2
105.646947996,0
105.663659264,2
105.680370533,2
105.697081802,4
105.713793071,2
105.73050434,2
105.747215609,9
105.763926878,5
105.780638147,2
105.797349416,1
105.814060685,5
105.830771954,2
105.847483223,1
105.864194492,5
105.880905761,8
105.89761703,6
105.914328299,1
105.931039568,2
105.947750837,4
105.964462106,1
105.981173375,5
105.997884644,2
106.014595913,2
106.031307182,4
106.048018451,1
106.06472972,6
106.081440989,2
106.098152258,1
106.114863527,4
106.131574796,12
106.148286065,4
106.164997334,5
106.181708603,1
106.198419872,5
106.215131141,5
106.23184241,6
106.248553679,5
106.265264948,6
106.281976217,5
106.298687486,4
106.315398755,8
106.332110024,5
106.348821293,5
106.365532562,4
106.382243831,4
106.3989551,8
106.415666369,5
106.432377638,5
106.449088907,4
106.465800175,5
106.482511444,6
106.499222713,8
106.515933982,5
106.532645251,10
106.54935652,9
106.566067789,1
106.582779058,2
106.599490327,1
106.616201596,4
106.632912865,0
106.649624134,4
106.666335403,6
106.683046672,6
106.699757941,8
106.71646921,6
106.733180479,9
106.749891748,8
106.766603017,2
106.783314286,4
106.800025555,4
106.816736824,1
106.833448093,6
106.850159362,9
106.866870631,5
106.8835819,2
106.900293169,2
106.917004438,5
106.933715707,2
106.950426976,2
106.967138245,2
106.983849514,9
107.000560783,4
107.017272052,8
107.033983321,2
107.05069459,6
107.067405859,4
107.084117128,1
107.100828397,5
107.117539666,4
107.134250935,5
107.150962204,2
107.167673473,1
107.184384742,2
107.201096011,6
107.21780728,6
107.234518549,1
107.251229817,2
107.267941086,4
107.284652355,6
107.301363624,2
107.318074893,2
107.334786162,6
107.351497431,4
107.3682087,1
107.384919969,1
107.401631238,4
107.418342507,0
107.435053776,1
107.451765045,4
107.468476314,6
107.485187583,2
107.501898852,5
107.518610121,2
107.53532139,6
107.552032659,6
107.568743928,1
107.585455197,4
107.602166466,9
107.618877735,2
107.635589004,1
107.652300273,0
107.669011542,4
107.685722811,6
107.70243408,1
107.719145349,4
107.735856618,6
107.752567887,2
107.769279156,9
107.785990425,2
107.802701694,5
107.819412963,1
107.836124232,5
107.852835501,6
107.86954677,5
107.886258039,5
107.902969308,4
107.919680577,5
107.936391846,2
107.953103115,6
107.969814384,5
107.986525653,2
108.003236922,2
108.019948191,2
108.036659459,2
108.053370728,9
108.070081997,6
108.086793266,5
108.103504535,5
108.120215804,5
108.136927073,1
108.153638342,5
108.170349611,5
108.18706088,10
108.203772149,2
108.220483418,4
108.237194687,4
108.253905956,8
108.270617225,5
108.287328494,8
108.304039763,4
108.320751032,5
108.337462301,10
108.35417357,6
108.370884839,6
108.387596108,4
108.404307377,10
108.421018646,4
108.437729915,6
108.454441184,4
108.471152453,5
108.487863722,5
108.504574991,6
108.52128626,4
108.537997529,2
108.554708798,14
108.571420067,2
108.588131336,4
108.604842605,9
108.621553874,5
108.638265143,12
108.654976412,9
108.671687681,8
108.68839895,14
108.705110219,6
108.721821488,16
108.738532757,2
108.755244026,9
108.771955295,8
108.788666564,14
108.805377833,6
108.822089101,4
108.83880037,4
108.855511639,10
108.872222908,2
108.888934177,5
108.905645446,13
108.922356715,6
108.939067984,10
108.955779253,8
108.972490522,6
108.989201791,5
109.00591306,8
109.022624329,4
109.039335598,10
109.056046867,6
109.072758136,8
109.089469405,5
109.106180674,5
109.122891943,5
109.139603212,5
109.156314481,8
109.17302575,2
109.189737019,4
109.206448288,1
109.223159557,6
109.239870826,5
109.256582095,5
109.273293364,5
109.290004633,6
109.306715902,2
109.323427171,2
109.34013844,2
109.356849709,4
109.373560978,5
109.390272247,0
109.406983516,5
109.423694785,1
109.440406054,9
109.457117323,2
109.473828592,4
109.490539861,4
109.50725113,2
109.523962399,0
109.540673668,4
109.557384937,2
109.574096206,4
109.590807475,2
109.607518743,4
109.624230012,2
109.640941281,4
109.65765255,1
109.674363819,4
109.691075088,2
109.707786357,0
109.724497626,5
109.741208895,0
109.757920164,4
109.774631433,0
109.791342702,1
109.808053971,4
109.82476524,2
109.841476509,4
109.858187778,8
109.874899047,4
109.891610316,2
109.908321585,2
109.925032854,4
109.941744123,2
109.958455392,2
109.975166661,2
109.99187793,1
